tenantId,Number Of Requests,Name
45539bab-0602-497f-947a-11bacfe61516,776,Test_Test_cpcgcc0003
1d063515-6cad-4195-9486-ea65df456faa,379,LEGO
587b6ea1-3db9-4fe1-a9d7-85d4c64ce5cc,329,ING
edad1ed6-183e-4bb2-a41e-8b82fc3fa26f,271,"Ministry Brands Holdings, LLC"
a91e3dd4-d85d-48e2-a591-3017cb57b4b8,237,Capgemini Pension Services
8506c69f-005d-421b-b670-9a8ccd5aee63,223,ADIA
51f3db70-4090-43e1-a604-871130ad4fad,192,Sporveien AS
33ef7aef-b39d-4300-9645-938131b31d9c,184,RoomsToGo
97cbadbc-9c17-46ff-807d-aef9d23c5692,177,Phoenix Group
bc5f3009-5bd3-4402-beb1-6e2eb7c68ff2,175,Cepsa
40ae98ed-583e-4d2e-9d36-4c2bd9738810,152,Duncan & Brow
8fe05bae-f974-44a4-92c5-1a20a4a10daf,144,Hamburg Commercial Bank AG
9e3ee5fe-3a99-45db-ac6e-691e86febef3,144,PGGM
ca7981a2-785a-463d-b82a-3db87dfc3ce6,144,HP Inc.
4eead4d6-5e97-41b2-b49d-0df83f2f5c70,132,HireRight
1a568983-d433-4d13-9cb2-db3e0017d2b2,129,Sony Music Group
4b4266a6-1368-41af-ad5a-59eb634f7ad8,127,Amgen
e1565a12-3f1b-49b3-a237-2f9fdd3a7f31,122,"Carney, Bates & Pulliam"
f34e5979-57d9-4aaa-ad4d-b122a662184d,120,Arm
cba9e115-3016-4462-a1ab-a565cba0cdf1,109,Ngee Ann Polytechnic
7533e231-7e4a-4da8-8bcb-f84cb743868e,106,MFA.SG
536279f6-15cc-45f2-be2d-61e352b51eef,106,Woodgrove
1dd2af38-50fb-445c-8760-4bd948765fc7,103,Krones AG
f1289cc5-8456-4f28-8eab-700d1300fc5d,103,"Brown & Brown, Inc."
513294a0-3e20-41b2-a970-6d30bf1546fa,95,PwC
4821d8cb-aef4-4359-a8d8-e6e57c8793c9,94,ju:niz Management GmbH
484a70d1-caaf-4a03-a477-1cbe688304af,89,Organon
1aa51068-11a6-4bd2-8646-1fff31a30ffc,85,Suncor Energy Inc
aa18e438-9b0e-4a65-82cc-d7816e74dcb1,83,Klarna Bank AB
5ddc79c7-7e69-428f-ba30-84b24a1ad994,83,Walsall Metropolitan Borough Council
70303cda-e1fe-4806-ab09-80c12b588557,83,"Insight Venture Management, LLC"
a86dc674-e6a2-4c25-b4ba-e36c31382530,83,Cardinal Health
5c16c50c-ede5-4694-94e0-ad2e4059390d,82,Abcam plc
473672ba-cd07-4371-a2ae-788b4c61840e,82,Zurich Insurance
fe288520-7f79-4082-b421-e7e4466bac97,82,Hearst Communications Inc.-79559709-Fitch
c0a9410c-810d-4459-8079-9cf79a040d28,81,Steiner SA de CV
fc8e13c0-422c-4c55-b3ea-ca318e6cac32,75,Veritas Technologies LLC
372ee9e0-9ce0-4033-a64a-c07073a91ecd,74,ABB
53049b77-3e8f-4792-977f-0a3e5f23891b,72,Jack Henry
d5dc4224-0d76-4482-aae2-b099857e0a93,70,Swire Shipping
75b2f54b-feff-400d-8e0b-67102edb9a23,70,Signify
9b815220-9665-40ca-b398-be4e27fc09d2,69,Community Fibre
8a6cf78f-ef5b-41d5-b3d3-f2f952598362,69,IVC Evidensia UK
97c2d53f-39c0-4201-9dce-14fe95f05da6,68,Galderma
d344fc8a-8286-4945-9a21-49aed506d485,67,Empower
4ae48b41-0137-4599-8661-fc641fe77bea,65,Arup
3bea478c-1684-4a8c-8e85-045ec54ba430,63,Principal Financial Group
dffde94f-72fb-49ae-acb2-0b961abd5b41,61,LOGS Legal Group LLP
2f57b6c4-17e4-4965-ac1a-85ccccbe6c4a,59,Schroders
4b4cca9c-edaf-42f3-8e21-9070c5d9d76b,58,IG Index Ltd
7530bded-fd6e-4f58-b5d2-ea681eb07663,58,College Board
b945c813-dce6-41f8-8457-5a12c2fe15bf,57,MyFedEx
a1104cac-3f3e-4e9d-a251-a93724b1727b,55,Dubai Electricity & Water Authority
0681eb07-0227-4023-8bd4-763cbca4f96c,54,Wit-Gele Kruis West-Vlaanderen
5442ad35-e3c2-4ad7-ad38-e30286b48083,52,Apex Fund Services Holdings Ltd. (Bermuda)
0468bc4a-134c-4fb0-b843-a2a3d583e919,52,Covestro
92e84ceb-fbfd-47ab-be52-080c6b87953f,52,Ericsson
167d6f97-eb65-4955-85e9-87ba040b9e3c,51,W365Test-PROD-PRAP01
fb39e3e9-23a9-404e-93a2-b42a87d94f35,47,Inland Revenue
bc876b21-f134-4c12-a265-8ed26b7f0f3b,47,Jabil 
1b8e4351-dcfb-4a89-8cb3-24e7e1aaa8ed,46,BDO LLP
918079db-c902-4e29-b22c-9764410d0375,45,Lam Research
18a877e3-1cd4-4389-8df1-9d8013937102,45,"Kforce, Inc."
67080e55-9c90-409b-9421-7fab7df8331b,44,TIAA
f0bce101-9b36-4373-a0c0-a8211c2df442,43,Herman Arnedo Europe Ltd
2a15a8b5-49d1-49bc-b63c-c7c8c87bdc57,43,NewDay Cards Ltd
d49b4aa6-f02d-4b5a-a1aa-3167b426eb9a,43,Stellar Industrial Supply
e04ae1b2-fa12-401c-abe2-6afe0c10641b,42,The Clancy Group
6b1311e5-123f-49db-acdf-8847c2d00bed,42,Aptiv
cbede638-a3d9-459f-8f4e-24ced73b4e5e,40,Tietoevry
3b6ebbed-5e1b-42f4-9b2a-1226a3262a49,40,VistaSys AG
e3ff91d8-34c8-4b15-a0b4-18910a6ac575,40,FIS
6e9d80f4-5bac-48db-ba23-3c6eb0253062,40,Mantell Associates
e0fe9d9f-d4ff-4dda-a915-5b9413775ccd,40,EquiLend
c71e7321-3d4b-439a-87ed-a59017a2b952,40,Danby Products Ltd.
f7e17566-3113-4441-bdb9-19f261e20c08,40,CF Industries
30f52344-4663-4c2e-bab3-61bf24ebbed8,39,H & M HENNES & MAURITZ GBC AB
e5bd3c32-3235-4c1d-a4e2-80e86c8cc2e7,39,Pacific Life Insurance Company
709c2643-b1a9-4415-ad0f-521cfa6ba3f5,38,Applied Materials
c3549632-51ee-40fe-b6ae-a69f3a6cc157,37,CCEP
ae991784-0cf0-4a4c-8a1e-7ed0e768411a,37,Deer Park 
381d31b0-f4b9-4f22-a0dd-92488db3eb82,37,Wesco
cddc1229-ac2a-4b97-b78a-0e5cacb5865c,37,Government of Ontario
bfde69eb-fcdb-4423-aa7c-a9cee0239dd2,35,Freedom Mortgage Corporation
4b6d5d89-e8e6-4dc4-8977-22f958a63d2e,35,HSI
dc411c63-1f52-4491-bb51-c4d215a1de23,35,IGMFinancial
d9e53fd4-13d7-4ca7-a602-14173f4df0c8,33,Bekaert
43c7fa0d-fe1f-4201-980b-3d9be41913e3,33,Canada Pension Plan Investment Board
9495d6bb-41c2-4c58-848f-92e52cf3d640,32,Asian Development Bank
18ed93f5-e470-4996-b0ef-9554af985d50,32,Nationwide Building Society
fee2180b-69b6-4afe-9f14-ccd70bd4c737,32,Kimberly-Clark
682a61d2-c906-4fa3-a505-4c7cd3da5572,32,Lands' End
6100085b-238b-42c7-9fdb-aeceabcd05c2,31,One NZ
013327ea-41e9-4430-8dfa-cbb90ba7b1fa,31,Eisai
d246baab-cc00-4ed2-bc4e-f8a46cbc590d,31,Legal & General Group plc
d539d4bf-5610-471a-afc2-1c76685cfefa,31,Enel Spa
7c7fea3f-e205-448e-b10a-701c54916e39,31,Cox Automotive
0141856a-3155-40cc-8e14-7a70972e11a1,31,Wave Life Sciences
2dfb2f0b-4d21-4268-9559-72926144c918,31,"The Boston Consulting Group, Inc."
46c98d88-e344-4ed4-8496-4ed7712e255d,31,Intel Corporation
05d75c05-fa1a-42e7-9cf1-eb416c396f2d,30,Maersk Group
3b6020de-d68c-4aba-832c-890282843c3d,30,Banca Transilvania S.A
8e41bacc-baba-48d6-9fcb-708bd1208e38,30,Elanco
e122af3c-4c68-4e49-9c52-4ae1e25e91ae,29,Wells Fargo
71e34cb8-3a56-4fd5-a259-4acadab6e4ac,29,Bristol Myers Squibb
cd778b65-752d-454a-87cf-b9990fe58993,28,ndis.gov.au
930d042f-8145-48e6-871e-7659c17b56da,28,Deutsche Vermögensberatung AG
0aa5f8d3-0c2b-4474-bf06-16b3ccf9bae8,28,Aldermore Group
fcb2b37b-5da0-466b-9b83-0014b67a7c78,28,Bayer
887a239c-e092-45fe-92c8-d902c3681567,28,UK Power Networks
a19f8d53-91d3-403c-9b6c-2033f5ab3b9e,28,Masco Corporation
a651e8f0-93d2-41c2-88b6-e8c5a1ad2375,28,NEW YORK LIFE INSURANCE COMPANY
3e32dd7c-41f6-492d-a1a3-c58eb02cf4f8,28,"Sage Software, Inc."
7c5d5df7-38dc-4b8d-b84e-4c5697ddf810,28,SanMar Corporation
f38a5ecd-2813-4862-b11b-ac1d563c806f,28,"Micron Technology, Inc."
f87a1ac6-2394-4138-b172-5e40b73b2359,28,TEST_TEST_JOEC_TM
fdfed7bd-9f6a-44a1-b694-6e39c468c150,27,Novo Nordisk
376e33ca-d656-4e46-8bcb-7d5ba898ae66,27,BKW
6cacd170-f897-4b19-ac58-46a23307b80a,27,Arthur J. Gallagher & Co.
73618660-4f93-424c-a8ca-92a1cd0f19e5,27,TenantElephant_TM
0c097e44-d6b3-4fdc-9352-52d30ccb0fb2,27,Best Western Hotels and Resorts
95d1d810-50cf-4169-8565-6bfba279a0cd,26,Zurich APAC
6be0e5fa-130d-4ffb-ab08-d75be2b03bec,26,Contoso
a69fff39-07ec-41bb-952a-7c37dd42a482,26,DAVIDE CAMPARI MILANO S.P.A
62a9c2c8-8b09-43be-a7fb-9a87875714a9,26,Fortum
d6939c07-d51c-4b39-b041-ed4cb33f68cf,26,browngreer.com
f6529a4a-1804-4b5b-8017-b7c75d7106cc,25,Kadensa Capital Limited
21492dd1-2915-4c82-a57f-3a54aedb2da4,25,Volante
bbfc3cb9-f4ae-40f9-b736-bd2103e55b34,25,TenantMonkey
6e63ffc0-c2fc-4cc4-b6c4-666b2ce89d92,25,QuidelOrtho
19e2b708-bf12-4375-9719-8dec42771b3e,25,Dun and Bradstreet
b54d35ba-107b-42c5-bd3c-20380e971c06,25,Boston Children's Hospital
b67d722d-aa8a-4777-a169-ebeb7a6a3b67,25,Thermo Fisher Scientific
1d038850-e3fd-45e8-9142-7603533e8eae,25,Ali Awad Law
cea70eae-23e2-45c8-b403-abbeaae5618d,25,Bennett Bowen Lighthouse
2c7f1f78-afc6-43de-bfdd-cf12c4016c70,24,VAGO
5cb04e53-9467-457f-b734-a914a77687c5,24,Ecovis Wingrave Yeats
b859cf7e-ff8a-40bb-bd0f-da56e6dc0eb8,24,Colt Technology Services
d6de0371-5a37-4c75-ac91-3c782dfe488c,24,Linkvest Capital
402f130c-531f-44e6-822e-bc895b060a28,24,Banc of California
2ede383a-7e1f-4357-a846-85886b2c0c4d,24,Duke Energy 
66c65d8a-9158-4521-a2d8-664963db48e4,24,Sony
54dbd1fe-c2db-4f85-b19d-b18c1cc3fae8,24,Marriott Vacations Worldwide Corporation
94cfddbc-0627-494a-ad7a-29aea3aea832,24,Aon
cd3dc94f-0e38-42a9-b165-592e4a731cc7,24,Wells Fargo - QA
e8d897a8-f400-4625-858a-6f3ae627542b,23,Drägerwerk AG & Co. KGaA
2a2b3b7c-2102-4caf-911e-f24595387c50,23,Swedish Orphan Biovitrum AB (publ)
551f9db3-821c-4457-8551-b43423dce661,23,Financial Conduct Authority
287e9f0e-91ec-4cf0-b7a4-c63898072181,23,London Stock Exchange Group
6e1e3a0a-cb5b-4699-9a6a-595e9ef289e9,23,Valvoline
7566dd9a-99c1-42b5-b051-80a05560ba04,23,Dark Forest Technologies
d2033364-dec3-4a1c-9772-3f41ca7c4b75,23,Marriott International
c2969394-122c-490e-a698-ccb1450f9f79,23,Children International
4720ed5e-c545-46eb-99a5-958dd333e9f2,22,Danone
2a6e6092-73e4-4752-b1a5-477a17f5056d,22,MMC
4d9dd1af-83ce-4e9b-b090-b0543ccc2b31,21,MSF
24139d14-c62c-4c47-8bdd-ce71ea1d50cf,21,ENGIE
92ebd22d-0a9c-4516-a68f-ba966853a8f3,21,Yorkshire Water Services
8e656664-5f36-4a5b-954c-c5405fd29206,21,COMPUTACENTER
38abff21-a741-48ec-b54c-7a75ab89277c,21,Edit Agency Ltd
1a407a2d-7675-4d17-8692-b3ac285306e4,21,Philips
4a5b7942-b0b1-4244-b601-19f8e6c33e48,21,LCBO
f2ad197b-b296-4938-bfff-0db3f914bcee,21,Logically
360bc517-7aac-4c17-9907-4c5f13a12289,21,Interbank
fd3a4a13-0cd8-4c1c-ba4c-e4995f5ee282,21,GoHealth Urgent Care
1f7773ba-3af4-4e56-80e9-566e56cefc28,21,W365Test-PROD-PRNA01
0115a025-e20f-4cda-8543-39a6fda7c8ea,21,クラウドエンドポイント株式会社
945c199a-83a2-4e80-9f8c-5a91be5752dd,21,Dell Technologies
feb8fbd8-4ca4-49c3-ad23-e850698df893,20,Blackwoods Australia
f6b3cec6-a862-4a40-9ab4-00d6e11e6f0f,20,Spark New Zealand
d14915af-fc35-41df-93eb-66122bf1f24a,20,Wessex Water
8fc36f6f-1eff-4332-8f6e-7951f82002a3,20,States of Jersey Police
7c7326cf-6ea1-40ba-9b6e-709159e5a9e3,20,DeepOcean Group
9c72d32e-66f4-4e08-b55a-5bde33f76942,20,Valio Oy
4bf460f1-f522-4f43-a5a8-4c1139ad1e9a,20,GTM IT
7622ae89-0dbe-45df-bf3e-80f47e660111,20,Arc
8b6fe405-6811-42e0-bc1b-64b0b0e5b91c,20,TPG
3e9aadf8-6a16-490f-8dcd-c68860caae0b,20,"Regeneron Pharmaceuticals, Inc."
0f982b85-d678-44e2-a741-e37fa294387d,20,City Electric Supply
90aa9e78-527f-404a-9c53-b0e4065c8287,20,HighTower Advisors
457a2b01-0019-42ba-a449-45f99e96b60a,20,Ciena Corporation
12f7a49c-88b2-4489-b751-1159fab0e4d1,20,"Virtuoso, LTD"
79be6dc1-d78e-4bbb-b22b-d994c0a417a7,20,The Nature Conservancy
6b08ee1b-6920-497f-a563-75ca24281876,19,Britvic Soft Drinks Ltd
ed48d7d0-b9d5-44df-9f19-f747f6e92524,19,Svensk Travsport
dca04e92-b0c8-46b4-9d33-f893be36d972,19,Körber AG
14893f40-93e4-40c1-8c36-8a84aaa1c773,19,NFU Mutual
a6b169f1-592b-4329-8f33-8db8903003c7,19,AholdDelhaize.com
fe9c207f-da30-4226-82b5-bff6ef031c8c,19,Amcor
35595a02-4d6d-44ac-99e1-f9ab4cd872db,19,Santander Office 365
8ebcedae-0e41-4bba-ada0-8d7d53dd449d,19,ERS Insurance
d52c7cec-1733-4892-8d42-9053d335631f,19,RPMI Railpen
f65d02be-9231-4769-9120-8d7f799652db,19,PERSEUS MANAGEMENT GROUP INC
e2ba673a-b782-4f44-b0b5-93da90258200,19,JM Family Enterprises
4112dd80-9354-4596-b16a-145894eea038,19,MikesEmpire
7893571b-6c2c-4cef-b4da-7d4b266a0626,19,Vale S.A.
f69034e1-65ee-4c47-8907-459100ad5d12,19,"Welch Foods, Inc"
a96bf935-b85b-4538-a507-6ced54afa837,19,"Interior Logic Group, Inc."
59c00a43-6bbd-4356-8c4d-b9a8ec3c82b7,19,BeMo Corp
021af73b-7bf8-4014-aa49-bcf05c8e29b1,19,Childrens National Hospital
17f69c66-2114-4826-9fb1-6e496607aebc,18,KME
50129323-8fab-4000-adc1-c4cfebfa21e6,18,Information Commissioners Office
458cb033-a75f-49be-979f-d3d0ab5c7632,18,Atea Experience Center
739195a1-f5d6-4d9a-ac42-a1dbb7c7413d,18,Access UK Ltd 
71dd74e2-a620-4a8e-9ac4-a19e1ff9ddff,18,Robeco Nederland B.V.
57eb176e-af34-4d86-b6c5-15e8363b8a22,18,Clarion Solicitors Limited
a5c7d9b1-0835-4cc7-afe2-857ec1d785cf,18,AB Texel Group BV
ae6d0f2b-7246-4e8a-a62e-9d3914bc29a0,18,Contoso
9caaabdd-cb96-42b6-922d-a831505a8b18,17,Hollard Insurance
81b54731-dc4d-41d5-8148-0638dd937e95,17,Capabilities - Incubation Platform 
065cf743-5dc7-407b-9646-48f60f4736f9,17,Hybrit Services
42d1c093-e957-4b44-92ee-a2087bd45df9,17,Laboratoires de Biologies Végétales YVES ROCHER
b5a4676b-e1c4-4c08-80a9-cf34a2d67324,17,Berkshire Healthcare NHS Foundation Trust
a5cf6b03-7eed-4dad-84ec-8512991f01a2,17,Rödl & Partner
dfe00e4b-450f-449f-8f0b-43cdb648d3e7,17,itedium.net
a5a8bcaa-3292-41e6-b735-5e8b21f4dbfd,17,Gilead Sciences
86a6f882-e8a0-4e20-bbd5-8de0d3bc85eb,17,Golden Quan Hand
5fd98b57-9ba2-4806-9695-b38be5623a72,17,Columbia Southern University
8455d9db-1cbc-424a-99be-4f2d75458cf5,17,CornerCap
c2009695-830d-4c97-b113-ea40660a909f,17,NAVEX
289321e0-9db6-4644-b371-956e6056d9eb,17,Ceridian HCM Inc.
728d20a5-0b44-47dd-9470-20f37cbf2d9a,17,Desjardins
4943e38c-6dd4-428c-886d-24932bc2d5de,17,McAfee
6059864a-98e8-49a4-b3c0-913fa7f9ced9,17,"Enterprise Fleet Management, Inc."
82d59604-08f7-4a03-b501-6622a8b556dd,16,デバイス体験会
6077507f-bcd4-4ca1-bebd-e4ac1d05ffa4,16,emids Technologies
07751f8b-9617-49d5-9024-85f034f400ec,16,De Lage Landen International B.V.
cbeb3ecc-6f45-4183-b5a8-088140deae5d,16,Assicurazioni Generali S.p.A.
9a5cacd0-2bef-4dd7-ac5c-7ebe1f54f495,16,ESA
e11fd634-26b5-47f4-8b8c-908e466e9bdf,16,Sainsbury's Supermarkets Ltd
08d6c03c-61e4-4afa-9ad0-1038082f0f41,16,Versuni
7f81f7f6-2c8d-41c1-9d2d-fda6462bb6fe,16,AT powered by nasta
19cb3c1e-de20-484a-8c7e-0f961c4a491d,16,HARTMANN GROUP
9a3f3f0f-95b6-4766-93f1-6bd07de19cea,16,VELUX
d77ea84a-f7fd-4928-b8a3-64763b0a7710,16,Smart DCC Limited
289a113b-74ef-4240-980d-e2725565ff1e,16,Telenet
ed466713-3fae-4c70-adc5-e22c7c57d84c,16,"Medallia, Inc."
9c2a31bd-e798-488d-986b-90156ac8f29b,16,Xerox
f806c076-dc9e-4992-81e7-10fbdcb94a0d,16,Legal & General America
8b3a84a1-40a6-4d9c-89d9-08176ea056c9,16,EnablePCMgmt_TM
982dabc5-3b5c-4048-b8f2-f55ef6043e9f,16,Peloton Computer Enterprises Ltd.
1a188ae6-a002-4149-8234-e47371d17cce,16,CCC Intelligent Solutions Inc.
5fe198e9-aa7c-45d2-9da7-4fbbeb5d542e,16, Frontier Communications
e76aac88-1820-4a3f-9e4d-22fa0597eac0,16,National Business Institute
22bc840e-14b7-48fb-8f7d-bc65b7dc60a2,16,Mosaic Insurance
dd0cfd15-4558-4b12-8bad-ea26984fc417,15,Corporate Network
48d6943f-580e-40b1-a0e1-c07fa3707873,15,nab
3b2c5623-3b8e-471d-a679-a3c09f48f47c,15,assetinsure.com.au
96c3451c-0db8-4f19-88af-5cb06c0a43fe,15,Dangote Industries Limited
c6a6de94-008b-476c-81cf-ded6f109736c,15,Barrington James
4a601900-8645-4ece-9cb2-c20ef4fe032b,15,Mitchells & Butlers
96f1f6e9-1057-4117-ac28-80cdfe86f8c3,15,Department for Work and Pensions
b01220f1-ab94-4936-86d7-f3b40f38f4b7,15,Sitra
492ac175-0fcd-4d6c-8fde-e15c70d1986b,15,DRAEXLMAIER
697f104b-d7cb-48c8-ac9f-bd87105bafdc,15,Alliander NV
11873a1f-4c8d-450d-8dfb-e37a2e2557f8,15,Fiserv Corp
771c9c47-7f24-44dc-958e-34f8713a8394,15,Danaher
bfc404f0-9f6f-491e-a2a8-1506b71b1883,15,Modern-Endpoint
c69f0fed-51c5-4fed-be55-ba0d512d25ab,15,Sirius XM Radio Inc.
b5e244bd-c492-495b-8b10-61bfd453e423,15,Grupo Bancolombia
209c23ac-3a82-426d-b118-fe712ac7d598,15,Red X Carbon
46326bff-9928-41a0-baca-17c16c94ea99,15,eBay Inc.
fa337400-6c6b-464c-8a54-81053caa025a,15,"Lifespace Communities, Inc."
4a33c544-865e-44a4-836f-bc51800f6c5e,15,Avalere Health
6f6da031-e5cf-4e62-82cd-96636e80639e,14,x15
97ea27b4-7147-4f6f-9c3b-b7ede47bd308,14,Brighte
183b6436-4ed8-40b4-93c0-d30f94425e6a,14,vz
e9fa2f77-381a-4691-ab1f-ec1d2fdc7029,14,Joyful.Team
bb5628b8-e328-4082-a856-433c9edc8fae,14,NHS Wales
f761680c-0582-4825-b245-62c1d05b6b3a,14,Boots UK Limited
37155b7b-4b0e-488c-b3fe-e84c1d1b7f85,14,Wärtsilä Corporation
1aca75c4-00ff-4a85-b5b9-c73c4a4093fc,14,Talon Outdoor
eb5e156e-540c-42da-8f8c-0cd5639f036a,14,Clyde & Co
b2e0bd95-d717-4462-b33e-dcaec4e9c4ec,14,Savencia
4a4b03e2-fc51-49b0-ac2f-d9d728d83074,14,McNees Wallace & Nurick LLC
820e7582-98f9-4bda-92bf-117e21150c73,14,CONSORCIO SALUD
958577b9-ff86-40d3-a118-e713c2c11307,14,Demo Nick Cordova
e48d45c6-faed-473a-8455-68a85dcb2a4b,14,lafcu.org
ca51b8dd-2a07-43ea-ab19-c305a6f903fe,14,Brozure
e4293c75-25fe-43fa-a748-a52aadbc985b,14,"Oak Harbor Capital, LLC"
56ae9e11-e439-4ee4-a872-3718b0b7df82,13,Westpac Group Test O365 Tenant
947d9dbe-5f08-4416-96a9-8468f7f8299e,13,alfanar
ec71556f-4180-42e2-9a04-dcdaa6e56ba1,13,Floral Trade Group
9c154401-de1a-4637-a76e-2a56754909bf,13,Alleima
f20e09a3-a5b5-49d2-bc3e-54a56af88675,13,NUVEI TECHNOLOGIES
4a15297a-5dbf-4b10-8f15-46416eaff7e0,13,Digiterre Solutions Limited
2cda5d11-f0ac-46b3-967d-af1b2e1bd01a,13,SBB
389309be-55ce-4145-99da-2d9e706bb4d9,13,4WARDPRO
185d3c25-a5fb-4e11-9ed5-8045d0bc6587,13,Low Carbon Contracts Company Ltd
9dfd1e5e-bb06-40df-8eeb-2a295fe4dda5,13,"PPG Industries, Inc. "
7c5728dc-5bbb-472e-af74-1b0bf86bf2c5,13,Relation Insurance
cc9f55cb-28a1-42fe-947f-a5a399a1ddb6,13,Industrial Alliance
8c66ac27-df88-4e63-b658-dcb282323bfe,13,Rightworks
d0746369-7df7-4138-87d2-a9b75386157f,13,DaVita
22140e4c-d390-45c2-b297-a26c516dc461,13,Nationwide
cf5c7597-f13a-4fb5-b141-3e0c2926a21e,13,Contoso
a85e7773-09e6-4cce-aa58-664ddb1aca42,13,ucar.edu
bb2c3a14-3d6e-4c33-982b-20ee498a6347,13,BHI Digital LLC
b1404dfd-9b86-412b-be39-c5611b9ddbc5,12,TIG Freight Management
602fb212-70b3-4ef8-938e-9ba98c5ab37a,12,株式会社　資生堂
9ce197b8-6b3e-4439-af0f-7d536b329596,12,hayfin capital management
9ca54098-c904-414f-adad-544aaf10df70,12,Aventum Group Limited
1fc83bb8-9ee5-4a7c-91c0-8028c367340a,12,Contoso
38adcb5a-ed0d-4f6a-a8c6-cfbc430e911a,12,Loan Market Association
ba071933-0ee5-4e96-b2c2-3d30cf9cafbb,12,Medefer
c4fc77fc-1cce-442e-abb5-e882f2faca2c,12,MISolutions AG
04aad55b-f024-4097-88de-5bdf92657559,12,Cloud Life
834d6985-72c6-486a-b1d5-5758cf0a293c,12,Informatie Vlaanderen Azure AD
a1572137-9546-4ac4-a992-799fcfb339d9,12,RG Cloud Ltd
4b845bdd-4872-4d8c-8b5e-077db08774cc,12,Bank of England
a3ed9288-33f5-4ad5-b09b-a0df95dcaa7d,12,J.P. Morgan Mobility Payments Systems GmbH
c3af39c4-5034-4eda-977a-4ac8456ce8dd,12,R4Capital
9723591a-3fa5-44ef-8915-77f5e1978707,12,Morgan Advanced Materials PLC
e8c64f0c-dfd3-414a-8c04-7d70ac6492be,12,Aras Corp
3b07dc1f-22e7-4be1-ac66-a88bf3550222,12,Verisk Analytics
37d46c56-7c66-4402-a160-55c2313b910d,12,Geisinger System Services
9d897ded-94de-4bb5-8e58-07d55a02ac32,12,CENMIS
45548db2-a6a2-4af6-8cf4-d1a8ee086bda,12,Cloudvirga
728f3c47-2721-423a-98df-4f84c2292f1c,12,lowfreightrate.ca
f8b81311-01f2-41c6-9460-46d74ffdb2a8,12,Exact Sciences
33d46f81-4b93-45ef-ac12-ec5a47fb60d7,12,RxSense
33f82b04-8063-4f27-b05f-ce131c5780db,12,Angel Oak Capital Advisors
e9176450-252e-40c7-b32e-3b2e28ad1b11,12,AVD Demo - FTC
a79a9d63-7f9b-498d-adff-e17197fb1575,12,Fairway Independent Mortgage Corporation
1191002b-a2dd-45bd-8ae7-cd299a390f64,12,Charter Oak Capital Management
4c4985d8-fa67-45ec-a119-b68b804cb6bb,12,Ayr Wellness
232df9cc-53f4-454c-bf84-33dfd1bef8d7,12,iBusiness Funding
b3ce298e-fe66-4a55-8590-71fa0a3e469c,12,Baird
6c5697cc-1ece-4c48-8e3b-7c379c02aab6,12,DuPont
f0889666-f10d-4886-9fce-765ec13c9e52,12,Sahouri Insurance and Financial
55f37ed7-ebe7-4cea-8686-1ca9653384f1,11,marsmoon
358a41ff-46d9-49d3-a297-370d894eae6a,11,Sophos Ltd
88727079-5f75-439c-9e23-e49659b50a18,11,Burckhardt Compression AG
9f683e26-d8b9-4609-9ec4-e1a36e4bb4d2,11,Lancashire County Council
c880139e-fd32-4303-a6c4-3c775406e4c5,11,Savanta Group Limited
31d4ce72-dfb2-4be8-b876-3278f8641754,11,Intermediate Capital Group plc
ac5dac37-e6c2-42bf-808c-e28ebdd54b3a,11,Armis
bebddb45-8b96-42bf-9992-1845ac3ada0e,11,Velos IoT
11bdc121-96f0-4137-8a21-4c0cdbc1a22c,11,Orca
63db5062-7ce4-4e2a-8ae8-a78f1894edaf,11,AMINA Bank AG
d04f4717-5a6e-4b98-b3f9-6918e0385f4c,11,Schwarz IT
50d8c115-b77f-4395-a3ba-3b407caf0d88,11,Office Shared Service
d9662eb9-ad98-4e74-a8a2-04ed5d544db6,11,Software AG
7ba70ca2-d9de-4911-9277-f5febbf4589c,11,Foundation Risk Partners
c5d0ad88-8f93-43b8-9b7c-c8a3bb8e410a,11,"Healthequity, Inc."
21cbdbad-6e79-46a0-b3f3-3a7f62554acc,11,Dorilton Capital
ff3213cc-c3f6-45d4-a104-8f7823656fec,11,"QVC, Inc."
2567d566-604c-408a-8a60-55d0dc9d9d6b,11,Informa plc
8249fc27-3c74-4d4e-924a-abd4f1f29ef9,11,Mise En Place
b0dda9f7-3b6a-4713-9f28-7c3426131dd8,11,INTELLIA THERAPEUTICS
858a526a-24f7-4f84-9735-cd447d7035ca,11,BetaNXT
89b813f0-7ea9-406a-818f-ddef8001803f,11,M365x34287431
d6caa1fc-dfee-4c76-84b3-80b9308aa91e,11,BeneLynk
8ac1c2c1-4089-4252-94f6-06d0085b782e,10,Parliamentary Counsel Office
7402c420-0163-48dd-afa2-6c4f07fcebc8,10,Victorian Institute of Forensic Medicine
e40c4f52-99bd-4d4f-bf7e-d001a2ca6556,10,Ministry of Social Development
0795d9d5-7e5c-44c1-ab70-60e2f6cbac26,10,Xedni Castle
32a51ab6-1c05-40b9-aaaa-7877150f180c,10,Tanner De Witt
4dc567e4-2b82-4a00-bcdb-f1f6782a0f6e,10,RSA Group
42e9fd9d-a220-4656-83bd-0051a0ef84c4,10,IPL LIMITED
853cbaab-a620-4178-8933-88d76414184a,10,South African Reserve Bank
d946c2a8-23e5-4619-aa16-1b8b0242f2bc,10,Gemeente Katwijk
85cffeef-a994-4666-a8bc-996f71b530b2,10,SENER
032db755-f654-431f-b296-93a1c87ad75d,10,Goethe-Institut
d5a41d46-b671-43df-8092-76d5fd355075,10,Clippy
c193c035-81ed-4bce-aa24-765ebe622cdf,10,Pinion Risk Consulting Limited
42c8a6e0-2e16-4cdf-9c1b-38bd326c2dd2,10,HADDAD Consulting
9e2a23af-98f4-4ad5-b266-ef9b2b0b80a5,10,Ramirent PLC
086e41dd-1a45-4e22-b9f9-63c5c21761c5,10,IMPACTING SA
9a88a419-24b9-401f-8557-e155db7ae966,10,Genmab
6b154153-e070-4860-ac41-a61ba4600c74,10,Temdax V02 GmbH
daf0c319-4e14-4ba7-940c-5181af97f434,10,Vacuum Breather
dacfdbc5-9132-4277-a362-5adc1ae720a1,10,AQ Group AB
7521acbc-a68c-41e5-a975-1cf83066dd19,10,"Fidelity Technology Group, LLC"
347ad3b5-b911-4c97-88a7-9cebb36db12b,10,Crane NXT
d2053627-ba14-4532-8b68-95e6bdb2da83,10,bhhc.com
4cc65fd6-9c76-4871-a542-eb12a5a7800c,10,First American Corporation
be67623c-1932-42a6-9d24-6c359fe5ea71,10,EXPERIAN SERVICES CORP.
53523eda-1220-4176-bf9a-055ca7551376,10,Tyson Online
0c840a91-daeb-44f1-afdb-3ab9288af80b,10,KDC LLC
14b42516-568f-483b-a141-800cfd1be324,10,phreesia.com
74476650-7b0d-4641-bff4-2250bd1db8a7,10,CXE Scale
6d6ae1b5-c244-4a3e-8ce0-41ac454ce84f,10,ConnexPay
548e9c2d-b70f-4e7a-b82b-8ae542cd5dea,10,Contoso
49bcf059-afa8-4bf9-8470-fad0c9cce27d,10,Evolent
3db40d4a-ead4-4127-ad11-161eb1f1aef9,10,Contoso
00fc52ff-64ed-4568-9136-13fe046f4b40,10,Rollins
a4305987-cf78-4f93-9d64-bf18af65397b,10,Ecopetrol S.A.
2f55bf32-42d4-44b3-a8c2-930ac8b182b2,10,Archer Daniels Midland Company
d5c0030c-6874-498a-8f9f-ba9c8ebb82b3,10,Mike Morse Law Firm PLLC
3bd4eb62-48e5-47f9-a150-79e9e9c46f32,10,"J.D. Irving, Limited"
b68c6481-b22b-46b3-8c4c-0024bb9b9b1f,10,Quest Diagnostics
59fa7797-abec-4505-81e6-8ce092642190,10,McCain Foods Limited
90ad8620-8832-4b26-94fa-661cd1e540ba,10,Medicaid Done Right
3143a543-edee-49dc-bd20-22d7a8454e52,10,MAPAQ
f0033efe-d82e-4c5f-a712-3a3948bb453e,10,GXO
2cc46ff1-b600-4104-8600-d8acb0b4e19a,10,Freed Maxick
197f9e32-248b-4214-8c56-3e6dc9f859b9,10,ORTitleTech
35896951-0aa8-4829-a577-fcb94ca3d54f,10,Ankur Tyagi Sole Proprietor
b5db11ac-8f37-4109-a146-5d7a302f5881,10,Optimus Information Inc.
027a7803-1cbf-4012-9b8c-b068ce34ea56,9,NSW Ministers
a9c58fe7-caf6-4aa5-9d23-a76f8ab33d91,9,UMWELT (AUSTRALIA) PTY. LTD.
fe55274c-53f4-45d7-913b-426bc73039e4,9,Ignite Travel Group
f0baf10d-1450-4445-9ae5-4394def9b27b,9,Indigenous Business Australia
e527ea5c-6258-4cd2-a27f-8bd237ec4c26,9,MHRA
1aae7b95-d493-4ba1-b864-c2a87adec77e,9,LOGEX Group
b13f9473-2468-4dd0-923e-e80d8f94602d,9,PO Söderberg & Partner AB
87108491-a072-4b01-8793-1f2bf9aa72fe,9,Nene Valley Partnership
040abbf2-5866-41ab-bbfb-79e044b672d0,9,Fairway Family Office AG
1aa567c7-00d9-4214-bcb9-1fd5aa99d4f0,9,Service101
9744600e-3e04-492e-baa1-25ec245c6f10,9,Telefonica
d0f5c1a2-e9a8-44ff-a1cc-b094c39a84d8,9,Georg Fischer
ecaa386b-c8df-4ce0-ad01-740cbdb5ba55,9,BASF
62115917-00ce-4682-9e15-bc8d4e1c73e8,9,BEC (B00011)
b4377ef1-c046-4443-9d44-349c6e4902fa,9,OBOS BBL
65685600-e60d-40fa-b85a-c16336778386,9,Ministero del Lavoro
6e06e42d-6925-47c6-b9e7-9581c7ca302a,9,Allianz
b9ef2c02-66f8-4a31-81b2-4f8544186900,9,mjcelco.com
f260df36-bc43-424c-8f44-c85226657b01,9,kyndryl
6aba1114-7da1-4a48-abde-031041a66553,9,Sunwing Vacations Inc
5d93ebcc-f769-4380-8b7e-289fc972da1b,9,Credicorp
2a9f86a9-29e7-44bd-8863-849373d53db8,9,Epiq Inc
5f3e0355-7b96-4ed4-a30a-302a0de6612c,9,DexCare
1b859d9d-d9b6-40a9-984c-6c19cea73f47,9,"Merit International, Inc."
44ae661a-ece6-41aa-bc96-7c2c85a08941,9,PGE
e95f1b23-abaf-45ee-821d-b7ab251ab3bf,9,Department of Veterans Affairs
282a3295-5c42-4d93-9ec1-6631001cc5f7,9,BlackRock
3f0be951-1e68-417a-99a1-41b6b39c001d,9,Carlisle Global
2f09be07-17d6-4c7a-a25e-6b73bbb01444,9,Post Advisory Group
c23ddb99-745e-42b2-a1fd-827f8edd2492,9,"Burwood Group, Inc."
7a600dcb-f0f7-400e-b387-5d133087a94f,9,Sallie Mae
d9354a30-c7b9-44e7-a1c1-630a1aab9217,9,ST Shared Services LLC
f919b1ef-c0c3-4735-8fca-0928ec39d8d5,9,McGraw Hill Education
bb52377f-7119-4f92-b595-2a807161e57d,9,Directions Credit Union
4d3d260a-9c40-4306-8dac-0d64717039ec,9,Zebra Technologies
e73ba7cf-4e1b-40f5-805e-c3aae41e1b90,9,Truveta
d96f813f-e671-4c53-b1c4-0f520e079e7f,9,Crossfuze
c7e4ab57-532b-4fdc-899c-f6837dd63267,9,Burford Capital LLC
c0a02e2d-1186-410a-8895-0a4a252ebf17,9,Southern Company
84c4e5b0-26a0-4dac-b686-301d76713569,9,"GoTo Technologies USA, Inc."
1ce580e0-774e-41a3-aac1-bd4cc4f05c6b,8,Aware Super
c8b3c81f-0928-458f-a835-a74452e3b706,8,QDAP
4fcb2924-e3d0-4faa-86d7-894313482569,8,GSUPoC
82d528e4-a26d-4789-9a68-f90ee26fda50,8,株式会社プレイド
fccbe2bf-88de-49c4-af92-1e9500cb29a4,8,電通
4aac6235-0750-42c9-8628-181450e008cb,8,Freshfields Bruckhaus Deringer
7369e6ec-faa6-42fa-bc0e-4f332da5b1db,8,Standard Bank
b9a2379e-aa87-4d4b-9548-6e6ff9c3c525,8,Luxcargo Handling S.A.
6dfb2d2b-090c-43c1-b20f-6d60ced73886,8,"Secil - Companhia Geral de Cal de Cimento, S.A."
3a15904d-3fd9-4256-a753-beb05cdf0c6d,8,ABN AMRO
82a1caf9-4272-4d16-a988-fd09b8d60410,8,Avincis
117d98a7-bb36-4909-a0ef-20c21cdbefb2,8,System C Healthcare Limited
f22a49a4-3b88-46d2-951c-591470e3149b,8,Secure Trust Bank PLC
16a40d53-f21f-491a-8996-313cc1af5a2f,8,Clarks
69c51d7f-8a74-47e6-8875-1ce72f5f04aa,8,de Volksbank
1d0cc867-d3b9-4b34-aa70-ce17f7da128f,8,MSTEST-SFO-RUCHA
57fdf63b-7e22-45a3-83dc-d37003163aae,8,Takeda
6fbe8b87-65e1-4833-9a56-661a5c842ecc,8,Unicepta GmbH
338a3247-b94f-46e0-9169-2ac625e14a53,8,ICT2MKB
6fc12612-d376-47ba-a527-11b0bbf66fdd,8,Plambeck Grundstücksverwaltungsgesellschaft mbH
2bb9405c-6142-4cf8-ae27-a9b2e88d2485,8,BM Europe BV
423430e8-247c-44d1-9767-22723b7d4cb2,8,DS Smith
3048dc87-43f0-4100-9acb-ae1971c79395,8,NTT DATA EMEAL
920f34b0-75b1-4f01-a99a-ae68b8257b1f,8,Ctac
b2c49ca5-8aaf-48fb-bb98-3ea003adb565,8,"Merit Automotive Electronics Systems, S.L."
cb9bec90-76b1-4992-96fe-d8d470564931,8,Hyperion Insurance Group
6c7136eb-6295-48c8-9ead-1bdf1020345c,8,Interprovinciaal Overleg
85daa278-99b8-4a25-a71f-837d7baa6f60,8,Knab
691df365-499d-4c5b-a2b7-ab261a573cbe,8,Ariceum Therapeutics GmbH
db83dcd9-21d1-425e-9bb5-316e3fa505a5,8,Inchcape Shipping Services
687a8c5c-348a-4796-ab75-3246db849e8b,8,F4E
2893ef6c-814d-4083-85df-9f2881541f69,8,ek robotics GmbH
b0460523-b78c-4b4a-8a10-5928b799ad45,8,Span d.d.
bd9161fc-4a4f-4c99-9a53-59ef0960af9b,8,ElecLink
1c2605ee-a58f-4519-8c34-f2b8d259f1bc,8,Gravita Business Services Limited
9ecbd628-0072-405d-8567-32c6750b0d3e,8,DNB
fd87acf8-18d4-4fce-aa97-99f91ae2cb66,8,BAKOTECH
307ea682-75e1-4701-a114-6c42f9ff0d24,8,CGG
f1ded84e-ebd3-46b2-98f8-658f4ca1209c,8,Catch22 Charity Ltd
d400387a-212f-43ea-ac7f-77aa12d7977e,8,Universitaet Bern
5bd1450c-8b7b-4877-aab8-688d37a70b6e,8,uber.com
ee99e4ac-0d19-4c7c-b650-6d8bf463f745,8,Hennessy & Roach
dd3edd7f-5cb4-4f13-8645-b0f69dacb19a,8,Aecon
ce6ec000-1cfa-49c2-a24f-7db63c8a9a52,8,Teck Resources Limited
4ad899b2-e4e4-4348-b03e-293cbd4a6625,8,Level Legal
978a3fc5-3732-451b-92e9-22090a2bc8b4,8,Galeheaddev.com
c47a3633-34ed-4a9f-a423-6bc9b23d4345,8,Exeter Finance
217c8d87-1158-41b1-b3db-8f9d7a6e6cf2,8,Modern Endpoint Inc.
8baf1f0a-a6b6-425d-850b-8e280eef7305,8,Anybill Financial Services - O365
4b2a0a18-d34a-4146-b700-2205ccbed92c,8,CortiCare Inc.
e5c65978-a44f-47cb-8951-1f772978046f,8,Solera National Bank
1b790f3e-b07a-492f-b39e-50e72799bf68,8,Great American Insurance Group
66146db4-8cd6-4ad8-b4f9-ad07d42f53bf,8,Liveops
07bef031-67e8-4f56-a63c-10a9f0466774,8,Fortress Investment Group
008c6218-50df-4d2c-91bf-b43b2d4add33,8,"JBKnowledge, Inc."
dbd3a8f5-2327-4193-9559-a36e9ccb40f9,8,thryv
3f872cc2-5507-4259-b94e-c11ec61f9cf3,8,"J. Goldman & Co., L.P."
bbe14394-2d88-4f9a-b151-efb0e8f96d60,8,Thielen Associates
2f496c65-076d-41f6-98e6-fa437e66a159,8,Nexworks
bb6b3fea-ae59-45f9-a58e-249b56625336,8,TRHC
db9a16f9-8fa8-4189-ab9a-ba762f016df5,8,Keiter CPA
d53de20d-192e-496f-9a6e-982cf28a8af0,8,Aspire Bakeries LLC
fe7d3f4f-241b-4af1-84aa-32c57fe9db03,8,Texas Workforce Commission
324f02a1-b901-46ec-867e-a62e49604dbb,8,Milwaukee Tool
3c8e1303-e9be-4edd-b73e-d9e9b350f219,8,TZ Healthcare Solutions
8f1c0d8f-1f1c-4a45-bbbf-1397da7dbe63,8,Contoso
01539004-1e29-4991-ac20-0132e3bf8734,8,Envision Healthcare
d136fe6f-fb8c-42a1-9ae9-7d25f5f11e6d,8,Contoso
3aea1373-732a-410f-92aa-1aa88a1f2282,8,Precision Diagnostics
32e232f6-4e92-46d3-b401-fe8baa3788e9,8,Workday Inc
ece76e02-a02b-4c4a-906d-98a34c5ce07a,8,BMO Financial Group 
45cb9485-673d-45df-a2f0-27486343afda,8,Levi Strauss & Co.
44ff9210-0b67-45b2-a1a0-959235776ce6,8,Horizon
97e4aef7-772f-4dee-8e83-f9dbe5fc37de,8,ubc.com
eed17301-eb64-4679-ba4d-f6f13241dd9b,8,Saban Capital Group LLC
b7be7686-6f97-4db7-9081-a23cf09a96b5,8,Halliburton
a6bc45fd-3569-4752-8b4f-be0d67c694c8,8,"Cornerstone Services, Inc."
39f0dba7-2568-41b1-9640-761c3345d0da,8,Thunder Creek
c1eb5112-7946-4c9d-bc57-40040cfe3a91,8,Ecolab
ab44e261-e329-4327-bbdd-17a5478226a1,8,Association
36b43a74-89fe-4652-9783-964a2c5f9b48,8,hollingsworthllp.com
d7bf7127-4d9b-4da8-b777-ade42813abec,8,"Sixth Street Partners, LLC"
5d3e2773-e07f-4432-a630-1a0f68a28a05,8,Manulife
a8816964-9e8d-4962-931c-effcf19b12fe,8,Krisdan Management
b1c14d5c-3625-45b3-a430-9552373a0c2f,8,SAS
78871262-9a33-491b-8a5c-b9a9f301247f,8,IVEY Group
a3762290-1a94-4aa4-8cdb-57f789a4b796,8,SCAN Group
116e9905-19fc-428e-93d4-bcaffb833597,8,"Redapt, Inc."
64391119-a32d-4c70-aa4c-daebed404c71,8,Save A Lot
e89cb837-f118-407d-98fe-4c32b11a8ab9,8,Bottomline
f1ee28e9-a9d4-4f8d-a658-ba8656075b86,7,BioPak
fff1b7fc-e70a-4033-9508-e3ac2e2544fa,7,Michael Hill Group Services Pty Ltd
26dca5b0-5041-4cb7-9178-f9e1c778b1ba,7,Intuit Technologies Pty Ltd
dafe49bc-5ac3-4310-97b4-3e44a28cbf18,7,EXLService.com (I) Pvt. Ltd.
033ad662-3b65-45f4-9052-5b0f8d949ff4,7,엠클라우드브리지
139f0669-cebb-42df-b9e3-415009ddb690,7,Valtech
dd2ecb31-c138-46e0-a747-6b6da4a77f79,7,Jungheinrich AG 
38ae3bcd-9579-4fd4-adda-b42e1495d55a,7,Siemens AG
00cb3a2a-097e-4f70-bb56-399878dd3351,7,Nteractive
472f2d21-00a9-4fe2-8b14-51e21d7e6f9f,7,Action For Children
5df31d35-3ba9-481e-a3c8-ff9be3ee783b,7,Grupo Caixabank
291ee1a4-3bc1-4b4d-a2ce-46780b507ecc,7,Apax Partners LLP
6335d01f-7f39-4001-bc5a-e0e111dcf10c,7,Close Brothers
60c43c0a-64ac-4050-bf3e-31e1cdfffdeb,7,Entain Group
926f3743-f3d2-4b8a-8168-18cfcbe776fe,7,Auto Trader Group Plc
e96dd0a1-5d47-4a94-9e4a-5c1056daa82c,7,Milton Keynes University Hospital
db8e2f82-8a37-4c09-b7de-ed06547b5a20,7,Uniper SE
fed95e69-8d73-43fe-affb-a7d85ede36fb,7,NN
1fbb4ba6-ea05-4146-a51e-8eab1e5605f0,7,Eurofins Genomics Europe
23a0a2da-ed2b-40ef-96ac-4c9874fb3644,7,SGX FX
107dc6c4-f72f-4c49-8db5-76ac9832aa83,7,RAVAGO
3aa4a235-b6e2-48d5-9195-7fcf05b459b0,7,Equinor
cd6282b3-8a1b-40f0-9992-593dec57dd10,7,Alexander Mann Solutions
fbe05639-1dac-4eec-bcfb-db00743d3e24,7,LeasePlan Information Services
44d8f853-d5f5-44e2-9919-531d4e92e1af,7,Menzies Aviation Plc
2afdd6f1-b1e4-43e0-bd23-57700eeee259,7,Isbjørn Is AS
302ffe93-9b23-4c11-8e79-7059279d31c1,7,Keune.com
3ae7c479-0cf1-47f4-8f84-929f364eff67,7,Post CH AG
9e031fb3-4115-433c-9844-6f34e133e0d2,7,PowerONPlatforms
c9a7d621-4bc4-4407-b730-f428e656aa9e,7,GROUP DIGITAL WORKPLACE
a7cc1d8a-b104-4315-af24-66a900b0ab58,7,Sabicom Srl
63299bad-c018-407c-ab2b-fe4c8b869cc7,7,Revantage Europe
a376937a-74b0-41c5-98e1-6157ec71fafc,7,OCS
d43a1463-07f7-4270-980f-2bd808e241a1,7,Mabanaft
52fde895-c740-4f41-8b78-b5834182520e,7,YPOG
42d0d02d-6286-465e-999b-31006231efb1,7,Aviva Group Holdings Limited
171b1f19-7567-4d3c-bb9a-748ad03f301a,7,Barnardo's
fbc69a5a-12dd-47b8-87da-784ea9dc8c90,7,OIA Global
2bd251d6-0aef-4dda-93b9-9f66eb447db3,7,Cloud-Device
a3d5bec9-2414-41cf-a8da-9efc4cd4ea22,7,TC Transcontinental
bcfa3e87-841e-48c7-983b-584159dd1a69,7,Lowe's Companies Inc
ceb901f0-4121-414b-8de3-9d2c0e45d48c,7,W. P. Carey
f58a826a-4b01-491a-9d58-c676a611beac,7,"Connor Group, Inc"
8f7a870c-88c4-48a3-8fda-c126007868cf,7,Contoso
7f676bff-5733-445e-aab4-41d261b8cdd4,7,"Gateway Logistics, Inc"
869c0d1d-42e3-4230-a045-be018a9ea361,7,Canon Business Process Services
490d477c-c33a-4d77-94ac-41129474cea3,7,DahveedCorp2
d922c063-9462-473c-900f-cc528537cdde,7,Center 9 Ltd.
80354804-1fdf-428e-9f5f-5091e994cf54,7,Arlington County Government
ba07baab-431b-49ed-add7-cbc3542f5140,7,Veeam Software Corporation
7c84dfe8-67d6-48e0-894c-e70c2c5d94eb,7,Contoso
a002dc2a-e6e6-4cbc-9ac5-9414f6f44f60,7,Trellis Company
d1822e80-10d5-45f3-a9d0-d5211d99c302,7,Alpine Immune Sciences
d273efcb-f05e-4f14-bdbe-8689d559bc0a,7,Rethink Autism
16e7cf3f-6af4-4e76-941e-aecafb9704e9,7,Banco BTG Pactual S.A 
b4bb3d4f-cbb0-4845-866c-ded3cdcdb62a,7,Frost Bank
db5cafc0-8f30-46f4-8b62-4bfb7fc911dd,7,EHI Labs
72ddb0f4-08c7-4d57-ba54-d537ebbc19bf,7,ABC Benefits Corporation (Alberta Blue Cross)
a3f49847-eaaf-4573-a5d8-f1a339ffa30f,7,California Claims Management Servic
d93ab207-b2f7-4a6b-a88e-3769aa6f7cd7,7,"Papa, Inc."
dd24e63d-2131-4bd0-bdd5-570c473ba440,7,Binary Stream Software Inc.
bff613da-3879-41e5-9e3a-d095cb8d7be6,7,みよしのライフ
e29b8111-49f8-418d-ac2a-935335a52614,7,Morgan Stanley
165d0403-b865-4a25-a5db-f8e55ee1f414,7,Contoso
4cbf9a84-567a-44d0-9db1-1dbfbf8393f0,6,ANSTO
3ae3e5f5-689e-466f-a088-7af596faeb01,6,Infinite Edge
3d4f945a-01da-4fe7-8b74-b8b31ad43d3a,6,Cloud Lab
c64d49cd-d138-4cdb-a5d4-324a4040c74a,6,AMP Services Ltd
8fc6d05d-d5ac-4b97-b2a6-984429702c8a,6,GFG Alliance
d92123ce-0eea-489a-85ca-bb4e3dc51e8d,6,Bunnings
76c58198-c574-4bd9-84c3-598d38f5b8c7,6,Essential Energy
196ac9cd-bd86-4bbc-a6af-b092a88ec0d0,6,MHCS
62ea8dcb-7f6e-4814-846c-610331b13e05,6,Blue Pool Capital Limited
fbf4e07f-fc0b-46a4-9a0c-bfc81c042608,6,x-cloud
91357d27-4d16-4f43-add5-336ebbadf24b,6,MSTEST_CSS_MS_kojiyamada
f6dcc6f7-df54-43fc-b919-46c1303753b4,6,家寬實業有限公司
a271068e-1b87-40f0-a7f2-f9c9624e3f7c,6,GMOペパボ株式会社(Office 365)
11041f39-023a-4cf5-a622-f3b65d3830fe,6,Tsutomusoft Corp
f9c9b5ec-19f4-435b-a74d-4d4ae6b7254c,6,skdnd.com
836c0ff4-411d-42bf-8253-f809a22fcabc,6,GrandTech C.G Systems Inc
1900aa23-cb5a-4a45-8ad0-968d229e955f,6,Straumann Group
f8a213d2-8f6c-400d-9e74-4e8b475316c6,6,Universitetet i Stavanger
0c1dd873-b4fb-48ae-8b6d-b6ba1500a5e4,6,Aira
cb342146-7965-425e-83ab-88f8ecb99e0d,6,Sikt
3e8ae0df-0063-4f01-ac96-cbfe8e7fcf5f,6,iQSA Services Ltd
233b013b-d83e-4f7a-86ff-f2e4e7e6946b,6,THG
167a206d-d1fe-42a7-9c13-11d4e8d0486f,6,Logotel S.p.A.
c42c6655-bda0-4175-90ba-b6e48cacd561,6,Oxfam International
361fe9a2-b1b7-48ee-adcf-7473554a9c33,6,Portakabin Limited
346cbbd8-709d-4a3f-8594-4c6b3b58bf23,6,fincantieri.it
0637680a-67ee-4b63-acdf-ac82cfcde5ad,6,Sanitas
43e03177-dd38-4348-a0c1-ed7f43a24b3e,6,Wrexham County Borough Council
4179dd4d-e485-4535-9d45-b3539f584cad,6,Anywhere365
b7b05c5b-d5f9-415a-bdb1-19b9f08b3d0b,6,David Lloyd Leisure
a5fbedf4-0169-4c97-a604-1c19fb3a90ba,6,Laboratoires Théa S.A.S.
52daf2a9-3b73-4da4-ac6a-3f81adc92b7e,6,Endress+Hauser
f2e7de2c-59ba-49fe-8c68-4cd333f96b01,6,ACCA
185280ba-7a00-42ea-9408-19eafd13552e,6,University of London
d5e193bb-0b46-467d-9d95-03eb0d012c42,6,Agic Technology srl
8cbd52dc-3264-4ee0-8d0b-3560fe959c06,6,LGT
4d5a4899-3bae-4dc5-9ea0-ba540b354430,6,Sanoma
91b02abd-daec-432a-8ee4-b5137910aca6,6,Sella
05f73a75-999a-4b6f-83c1-8a9511c3f90d,6,Gruppo HERA
cfebf716-b4ae-4d8b-8652-8af6a81e778f,6,DGE Staging
bb5ce2cf-abc5-4c2b-a590-26ecfbb3fe5e,6,novomind AG
9d02270d-5586-4589-8d17-de6e9da904cb,6,XEEK s.r.o.
66a4b221-18da-4a3b-98af-7e73be49fc81,6,G. Henle Verlag e.K.
1fe71823-7b69-4a45-af74-0b15836e2c26,6,Gemeente Rotterdam (OTA)
af67b1ff-71c6-48bd-920c-a3a1cd064b41,6,Einkaufsbüro Deutscher Eisenhändler GmbH
5c1fc6e9-e887-4004-91cd-7f669a04b5e8,6,Invicti Security
624cb905-2091-41e4-90b9-e768cf22851a,6,Iveco Group
6d8204c3-2c81-4e55-b96c-60e3a1ae9cd8,6,ZEABORN
22991c1b-aa70-4d9c-85be-637908be565f,6,Miele
18923363-8532-45c3-aedb-a1e3ac348ef4,6,Essigkrug GmbH
9e863fe5-c0a8-4318-b15a-a9e260e3a20c,6,Wesleyan Assurance Society
506d4541-f9c2-40c2-a103-1aa4736de230,6,International Olympic Committee
84d9a216-e285-4aac-b163-0dfd0c074546,6,TK Elevator
1e2ad6d6-274f-43e8-89ef-d36d65bb83b5,6,KMD
f4a12867-922d-4b9d-bb85-9ee7898512a0,6,SUEZ
45597f60-6e37-4be7-acfb-4c9e23b261ea,6,Swiss Reinsurance Company Ltd
54844b88-61b9-46ef-88af-cae5bd8a7087,6,Axfood
f2066202-08c0-4832-a4b4-7fa0855bb8ed,6,Lockton 
0002cd24-7dd6-4542-acd6-e0c7e184c80c,6,Everest Reinsurance
3cd15905-3a8d-4330-a4fe-0ddaedc41022,6,Scout Motors Inc.
7202f4b5-5b7e-4ea0-8667-a2ba00ff6ba7,6,Merchant Financial Group
e790310c-0fc2-4c44-806b-ef4163ea5b5c,6,BBAM US LP
26401abd-bda5-4177-8f6a-fb0f875f6c92,6,Flexcare Travel Nursing
4f8c1b1c-b542-4d06-8319-4cdf3088d2bf,6,Contoso
879f20df-1c39-4a29-bdc5-81787281812b,6,Friedman Rubin
64b3eb7e-f3eb-4eef-a0c1-b6e95789ccc8,6,Edelman Financial Engines
11bfe7ed-a96d-47b8-93b9-f1d5ced7091b,6,onedigital.com
78a59ae1-7e88-46a6-a21c-43cc786d6b74,6,Fullsteam Operations LLC
f8731aef-8af3-437f-90d3-741f89b54032,6,"Social Finance, Inc."
9d1e32c2-1dc3-4ed0-abaf-7ff907b284be,6,"School Specialty, Inc."
f6da72b0-7977-4b09-bdfc-d38b2aa56d4c,6,Stand Together
d9da684f-2c03-432a-a7b6-ed714ffc7683,6,The Toronto-Dominion Bank
11590e71-96da-476f-972d-10da30c8e6b2,6,Volkswagen Group of America
294a6f39-380a-4e7c-8370-de0ceb1a6bfc,6,Innovation Associates Development
4940f2dc-069a-4e2e-b984-31cd4e54afbf,6,Blue Cycle LLC
6675db40-55e0-4a98-a838-66f4a0c06b1b,6,IB 
6c4b3346-5ad4-4991-b51e-bb35a33065b0,6,First Advantage Corporation
28c12cec-f769-4631-91c7-dd638174fc61,6,Concordance
9d1d17d8-372b-4b23-a9fc-1e5d895c89a1,6,OneTrust
0fae1cea-e49a-40f0-94b3-be5e19bbdd91,6,Baldwin
2ec7fa67-186d-4528-93af-7adda792f6bb,6,Crocs
9ab70df9-b7d5-4b2f-9c46-fee5a969b073,6,Contoso
9ee0b1d3-0ba8-4efe-82d7-b61d6eae73ed,6,Nucor
cb138311-2fc0-4224-bfb8-35ab6182b3fd,6,"NG Corporate, LLC"
ef0aebeb-2af0-47a3-b8ae-5665f8a62d11,6,Bio-Rad Laboratories Inc.
ef4cd7d9-cd50-4892-b62e-077d05f7ba11,6,International Paper Company
e0793d39-0939-496d-b129-198edd916feb,6,Accenture
ed8aabd5-14de-4982-9fb6-d6528851af5e,6,Sleep Number Corporation
be0f980b-dd99-4b19-bd7b-bc71a09b026c,6,T-Mobile USA
ecfb9980-ca76-44d2-afcc-5a8e6d4e4fe8,6,"Panda Restaurant Group, Inc."
d1b7f118-5cb2-4d4e-85a3-82e07efb07e9,6,ACI Worldwide Corp.
6f7bb498-6d7f-431a-a2d5-096c69ccfe18,6,Rehmann
eaa689b4-8f87-40e0-9c6f-7228de4d754a,6,"Analog Devices, Inc."
dd4a109f-29c1-4f71-b27f-8d978ba00133,6,F1 Cloud Solutions
bdf854f3-a6c3-4c69-b46c-68dc94dbd55b,6,American College of Cardiology
2b8f3438-d57a-4ede-a50f-371f6bf2bf3e,6,Vantiva
afd0249e-ca3d-4205-8bf4-ac2b6abd0fec,6,PointClickCare
c88406ac-cc95-4243-baae-ecf33e36426b,6,Jack Links
5856e91d-192f-4b6b-8212-06ea11394098,6,Inter Pipeline Ltd
1f4f7eda-6e51-425e-a0f9-4c2fcef58a52,5,ANZ
61aa9c8d-a773-4a7c-8470-1dd8062e404a,5,Tennis Australia
6534ab2d-3683-4012-8c1d-b14ddef1f700,5,Airways New Zealand
fffaf044-e9d6-4df2-afa3-e395d70568ce,5,Allegra Wealth Pty Ltd
849f2116-29a2-451e-a207-ba43430a30d1,5,i-Source Infosystems Pvt. Ltd
c1a5f3d0-0f2b-49a8-b7f8-baf494155ee7,5,Kuok (Singapore) Limited
cd58cc1d-ea6f-4117-bf75-cbd5d35c7f34,5,株式会社ヒューマンインタラクティブテクノロジー
47592013-01fb-447a-9cbe-c9f59a6a7fcb,5,株式会社e-anchor
ce9d67ba-f5be-437f-be23-44771d115e3c,5,CEVA Logistics
46c9827f-ab05-45a8-b96f-476ecc729df9,5,Cloud Surge Solutions Ltd
4414f420-3071-4efd-abfc-ef57c9c725a3,5,"Soluciones Cuatroochenta, S.A."
2b95cc4c-4de2-4fcd-9f8a-6318b88ad7d3,5,Kamer van Koophandel
5f757850-19e4-4329-bc48-045f1fe3eecd,5,Aztec Group
d1c8ea28-2660-42e5-a225-25e1c6ac4db7,5,Brewin Dolphin Ltd
b1cc6ef0-cc02-4b18-867b-549f2798bca7,5,salade 2 fruits
b723253f-7281-4adc-bc1c-fc9ef3674d78,5,Grant Thornton UK
850f9344-e078-467e-9c5e-84d82f208ac7,5,Hogeschool Leiden
b7dba93e-7b6e-4933-abb6-e1739feb42e5,5,Sonnedix Group
234e1fc3-706e-406e-80e2-0d63f0f7ed43,5,MIDRANGE COMPUTERS
720b637a-655a-40cf-816a-f22f40755c2c,5,IKEA
41ba0e3b-60f8-419c-8a05-ab7e34548747,5,LMN BV
74d90e7b-254f-4a5c-bddd-29126e99749e,5,Assemblin
d8bd61d1-ae27-427e-8927-939fddb176f6,5,Klöckner Shared Services GmbH
fb6ea403-7cf1-4905-810a-fe5547e98204,5,UBS
107d2440-7008-42c5-8b1b-7d6d1aaae033,5,de Volksbank N.V.
f87a7640-3b94-4bbd-b5fa-b4c15947cf56,5,Claranet
2a6c12ad-406a-4f33-b686-f78ff5822208,5,United Nations Framework Convention on Climate Change
a33def57-39f8-4005-93ed-e80266830257,5,International Computing Centre
68b865d5-cf18-4b2b-82a4-a4eddb9c5237,5,Sky
acc1eaf4-3a1a-4c35-8f39-c6900f25a82a,5,"Petrol d.d., Ljubljana"
52b742d1-3dc2-47ac-bf03-609c83d9df9f,5,Toyota Motor Europe
cc0f453d-3944-462c-acb7-ee9cd6078cb3,5,United Bank for Africa (UK) Limited
8bd7952f-db9c-45e2-817f-48bc73ed2483,5,SERVINTEK SRL
8daa5714-62cb-483e-90d8-11d6623f5ce4,5,Achmea-preview
f1849ab7-a915-46af-ada3-37952dfec105,5,Stichting MIND
a1ae89fb-21b9-40bf-9d82-a10ae85a2407,5,Festo
1dc9b339-fadb-432e-86df-423c38a0fcb8,5,SoftwareOne
68503e93-3ce7-4a22-bfc5-ffee421a1f57,5,Medway Council
9f489fcc-e452-4509-8234-6f97b42d0117,5,Stadt Zürich
2f7e641d-35dd-4a72-91ef-9c34810f3219,5,Nexans
d3d38dff-f85c-4026-842d-c215eb6b3560,5,Hi3G Access AB
90a63c3a-88c7-4ef1-a5af-491870f61ac2,5,Bewise
fbd6fcc4-0681-42ee-bb6f-1de53fb1dfe2,5,Cpl
3172ad9b-8635-4703-9d9f-50e5a7bd1353,5,Quintet Private Bank
ce7b77f4-f82d-47a3-af1c-da5d5d9a19d1,5,Aspen
8c09d8d5-1d78-4adf-9d10-a13cdacb0929,5,Komax Group
c0701940-7b3f-4116-a59f-159078bc3c63,5,Vestas Wind Systems A/S
cd99fef8-1cd3-4a2a-9bdf-15531181d65e,5,DPDHL
104d4e98-5122-495d-987f-80ffd2b8276b,5,BM Fashions Ltd /Global Licensing Ltd
dde8af35-59d3-4550-9c4e-885bfad70430,5,Konverto AG
ec85c1f0-148f-4d0f-b9f5-bfd62a99ed8c,5,ROCKWOOL Group
5a9809cf-0bcb-413a-838a-09ecc40cc9e8,5,RISE
8db8eb94-00a5-42b3-a1b0-429086455cb4,5,Mibanco – Banco de la Microempresa S.A
93bfeb02-767e-407f-ba5c-5083c054a191,5,Vistra Corp
d9b110c3-4c25-4379-b97a-e248938cc17b,5,Public Consulting Group
8ca620e1-9e57-41eb-a04b-3c7025f2241d,5,Groupe Access
80a30097-f817-49e4-bb17-0f71f9b2b327,5,LAINCO INC.
246cd56d-4504-4a0f-8590-e264028454c6,5,"Bob Evans Farms, Inc"
9a73e56b-c5ad-4b10-a8e6-2d9a2ea36340,5,"Privilege Underwriters, Inc."
bc3684d5-41fd-49e5-a828-2dbf33713091,5,Dominion Energy
4360c1e8-deec-49bb-904e-9331088b2a03,5,LPL Financial
2f8f1edf-ef1b-4a49-b441-93a36028d058,5,Gellman & Co
a38e11c1-6c7f-49b5-87e6-602eec3eca7a,5,CPAO
f02cc5ab-ce94-4962-b241-70c136a9d56d,5,dLab2023
49fac05b-368a-43ec-91ec-09c6b5c6a066,5,Regroove
b449db5e-a80a-48eb-a4c2-3c88bb78353b,5,ConocoPhillips
49a2d72e-f4c9-472f-8982-26cf190d666a,5,FLEXPORT
b3ef1811-8c70-4c6e-908d-a92a5e07b171,5,CrucialLogics Inc
a1f1e214-7ded-45b6-81a1-9e8ae3459641,5,Johnson Controls
f9ca30d4-3146-4379-951e-29f5ad644de0,5,Ken Dodds
4d55f0a0-4558-46f1-8c2f-a278fa378cbd,5,EMBLEMHEALTH
65c7198e-ffb1-410a-936a-47a69cbb5de9,5,Banco de Chile
49500f8d-924b-42b9-a501-1e05a45b96e0,5,HERITAGE RESOURCE LIMITED
ef4fd2f8-4c96-45ab-9b15-7831920f55cf,5,SLUHN Production
67394d15-44d3-401f-8cdf-4a8ad84fec48,5,90degreebenefits.com
0685d760-4332-4f24-b2ea-ffbbc2383f15,5,TransUnion LLC
16a7431b-52a1-4809-a165-7029e60f0d1d,5,The CloudTek
08cd81d0-2bce-4319-a302-f4c3608aff4e,5,Tabizuki 株式会社
40aa7c69-8f77-4f35-ace1-5b2a1d40b233,5,TEST_TEST_CSaw_TM
394a6b35-2c31-4e9a-b74e-dbf4ceeb904f,5,"XYZ, Inc."
383182c1-2cb8-4f06-be5c-5d1a58e2137d,5,nVent Management Company
38651f6f-836b-4bdf-9615-4e255c290fea,5,"The Goldman Sachs Group, Inc."
5e0b361b-59ed-466e-8759-030448046197,5,Nutrien
6c3bce4e-d905-4e07-897f-0520fe08ccc2,5,Contoso
7c1f24a6-7d39-452c-8237-0726e3b19a73,5,Chemonics
43bd6677-0178-4888-8cdb-8264295df395,5,Adaptive Logic
b9921086-ff77-4d0d-828a-cb3381f678e2,5,PTC
67777aa2-2cfd-4edb-9052-d0d93bdb4477,5,"NuAxis, LLC"
3511fda9-10f3-422d-b34f-9291a0dd43e7,5,J.S. Held
51d28000-1556-45d9-8991-198becc0649a,4,Mipela GeoSolutions
9f8ff257-76bc-46c6-8b06-18664d42a197,4,CBA Test Tenant
f5874f21-9c24-4385-9223-b15839cc03e4,4,Australian Unity
c4014878-e5ae-4829-8757-62be0d0e7c41,4,Pacific Fund Systems
fa4e6c82-5961-4040-a2eb-0d38aba6dce0,4,Delta Electric Solutions
ef09e631-f62d-48d5-8cdb-02f838550358,4,Reserve Bank of New Zealand
7f0788f7-3634-419b-bf74-bbe48147830c,4,ANZNP
5f745bb4-fb3c-4378-88b6-96437a95ce1c,4,bzi.com.au
4779caac-ad3f-47de-9ed0-4a6d1210ac28,4,Imdex Limited
ae35fd11-8009-4402-823e-d42808ea567d,4,Contoso
08d88060-ca46-418e-9723-1cab37bc0749,4,Library Council of NSW
f36345b5-4c52-46d7-a323-aae46db9d7d1,4,humm group
722ea0be-3e1c-4b11-ad6f-9401d6856e24,4,VicGov
a1b03033-8a3d-4443-a90b-0f3298ffbf90,4,Woolworths Group Limited
9b7f23b3-0e83-47a5-8a40-ffa8a6fea536,4,Department of Foreign Affairs and Trade (dfat.gov.au)
2bbb9f86-8ae7-45a3-8ba1-54c367e73ca5,4,Command IT Services
530eb4d8-2b68-4bf4-88c4-05d960b8514d,4,The Social Research Centre Pty Ltd
43876b91-b97d-4244-bb55-b1fc7e2264cf,4,Default Directory
add4ce25-5bdc-4542-a69c-b9f4cbfb0d0b,4,MMC
46ba00b8-6575-43e8-9c82-ebe2bf0026d0,4,MRC
ff8a34aa-31fe-4a22-9c22-29e2af4a065d,4,AppDev
c2986b0d-5490-435d-9686-e0d594aae901,4,Nexon Asia Pacific
e8385687-6f80-40fc-9738-a8c9ff78f897,4,Aged Care Quality and Safety Commission
b4474120-63ca-4a2a-991f-efc6453541a6,4,SGFleet
2f542ed6-473c-478f-a176-def784b8e2ca,4,PLE Computers
070cc68e-602b-4406-bef6-7b2206487037,4,The Trustee for Designer Life Queensland Trust
967a68e3-b2c0-495b-9e4a-0567c2bd91f5,4,Teijin-Frontier
8c31bd04-5a9a-4aa1-8bfa-c1edfe26a6a0,4,Woven by Toyota
2d321b66-987f-4ce7-b540-d83f2dc35e70,4,パナソニックホームズ株式会社
c3f8a0e7-902b-4d2f-b27c-59ba623a1848,4,日本ビジネスシステムズ株式会社
f03022ed-34ea-4c8f-91cb-9abee0a20907,4,Automation Anywhere
4863f5d6-4760-4589-be9c-42f82e075739,4,Panasonic
f6dff642-9d7e-401f-8359-fc1e2a47732b,4,AVD 検証用
dd694edb-66c3-4ee5-87ef-b6aec8fb2e61,4,全国知事会
e0d71833-0c88-4e96-b7aa-9e06a8758591,4,Metaverse Cloud Solution Limited
d61fa037-7f26-49aa-a7bb-4a8c007529df,4,Default Directory
ce3bdff7-b7f6-4e7d-8b77-9085385980d2,4,Khazanah Nasional Berhad
f3b1cae3-b69a-4f4e-8a60-7ba2714fec4f,4,カルチュア・コンビニエンス・クラブ株式会社
53ddf3b6-8f7c-4aba-bd13-a5453ece8c39,4,Olastrom.com
701766e0-5785-4e08-969d-87bbce0d356b,4,Harrods Ltd
c56dd45b-1da6-4bd0-a53b-1466782d6ee5,4,Osddeployment
6fe30274-70ff-42e0-a14c-f7de56a1c4a7,4,Accelerated Payments
eb3c68b9-0935-4046-8550-8bcaa4167e2e,4,Baloise
62366534-1ec3-4962-8869-9b5535279d0b,4,NAV
22305de3-61a5-4980-afa4-073cf9fa7058,4,TUKON International FZE
07a8e50a-8ea0-426a-a55d-7e60ddbb756f,4,Inter Cars S.A.
8e1385f1-e317-4451-bebc-c317f71e604e,4,Messe Berlin GmbH
8ed2155f-6979-4faf-9ba0-3b48b6313b84,4,ODRA
daa677c2-97db-401a-9252-e8ff52f8906b,4,pharma&
7cc91888-5aa0-49e5-a836-22cda2eae0fc,4,Maire Tecnimont S.p.A.
f2d7d6c5-1bee-41ff-9e79-b372a5cce71d,4,Engineering Ingegneria Informatica S.p.A.
a6096808-b971-440e-99ff-6ea37b046566,4,Andel Holding A/S
fedc3cba-ca5e-4388-a837-b45c7f0d71b7,4,British Red Cross Society
635c8176-4f03-47a7-862d-2c13038c2ce1,4,IFCO Systems GmbH
f2fe6bd3-9c4a-485b-ae69-e18820a88130,4,ERM
3f991a7b-ea93-4169-b28c-c36ff3e5b0d1,4,Teva Pharmaceutical Industries Ltd.
00d9152e-e7da-4edd-b1cf-9b706245cc51,4,Piteå kommun
be7760ed-5953-484b-ae95-d0a16dfa09e5,4,Ministry of Defence
bf4b7e70-b390-494f-b7fb-876d4b9d8377,4,VERDER
e8fde22e-370f-41b8-97e4-01b219626bad,4,CETSDEMO
282a8b06-09de-43a4-809b-fa778445131a,4,DISX Cloud
a62ae31a-40fb-4aa2-b050-0f4692814aab,4,ITbuilder
bda84a87-a1c0-42e2-b4ff-3173224d83d2,4,Clinbay
507ad49e-326a-493d-a714-7c3a54924dc6,4,Contoso
173cd859-65b9-4245-a9a9-1dcdece6df1d,4,Microsoft FTC
738f782c-d3f9-4b3a-b9a0-3841cf4ac77d,4,[DEV] The Alan Turing Institute IT 
a7e7eada-3910-47f3-a7c6-957a78eedd66,4,CCBTEST
68ed692a-3bdd-40a9-a89f-583619d6ed33,4,RB British Marine 
3d19ac26-75a3-4158-9298-6957275fd5ec,4,INTERSTELLAR
5b973f99-77df-4beb-b27d-aa0c70b8482c,4,EY
5407423b-52cb-4385-a688-3118410c932b,4,Roche
cbf75efa-0777-4d56-b1b9-22407c7fd098,4,Osttra
e880f0e6-8d29-4675-8fbc-326eb670c840,4,Nintendo of Europe
74892fe7-b6cb-43e7-912b-52194d3fd7c8,4,ADNOC
76b01884-0436-48d7-8d4e-7a399c8c07ef,4,first frame networkers ag
d63aeffc-41a8-47e4-9fe7-6c993ce05581,4,ABS Tech
b7cae9b5-b3cc-46e4-b089-b09e3c425e14,4,HCS
48310aa4-50bc-4a73-a536-3f4e8ede56ac,4,"SOFTIP, a.s."
48bf5e21-6260-4f21-8d42-28c4c0c7a9df,4,RHH Rotterdam Harbour Holding BV
f009f285-5242-433a-9365-daa1edf145c3,4,Next PLC
6de51a38-a157-4bc9-ac11-278a1f5f796d,4,thyssenkrupp Veerhaven B.V.
880ebc48-d3fa-4f4f-bbe2-d7ee9be7f3c9,4,Scada International
98ba5be7-bb0c-499e-b234-823e5a279029,4,LOD
c032cd23-bdbe-4acb-869e-33eb63945701,4,Instituut Clingendael
25d39a9f-4441-46a3-866d-2fff6951bd08,4,Cargolux Airlines International S.A.
014037e8-71f5-48c0-a6f9-e157b0607d6f,4,Service 3
cc4de539-8d42-4abc-8d20-d256b91f37ea,4,eumetsat.int
dbec731c-b42b-4419-adcc-3a5db8b2e41f,4,TK-EU: Technologies Europe
c5d1e823-e2b8-46bf-92ff-84f54313e0a5,4,Schenker AG
79c31f39-e1a3-435c-81b6-93ff2f50202f,4,Clarion Housing Group Limited
d8986036-5135-44ac-b219-a64ab43409d5,4,Topdanmark Edb A/S
97e97f2e-2cf9-4a26-a1ea-57167f7debad,4,CISILION LTD
db76fb59-a377-4120-bc54-59dead7d39c9,4,MerckGroup
a88b4f52-1f8a-4a31-b780-ddc65576004a,4,MKB Fastighets AB
c9ea13ce-64fd-48dc-9588-e71d0f5991ae,4,Umicore
20cb7a52-c98f-424c-9b33-58a5877bd23b,4,CBA
2c2ddb2f-b9de-46e8-8a62-fa95d5b6772c,4,IHI Ionbond AG
704c27f7-96c3-4685-a992-574cb9dae342,4,Meum
8eb2bd80-0ddd-4aa8-b5d6-86a4c9a0c989,4,DACON ICT Diensten
a1fdea56-3201-4d00-9b76-661338850557,4,Bridgestone
46f6cbc7-c844-4175-90c4-dd0f275853f1,4,Ocean Technologies Group
7106b467-21bb-484c-9e4d-75fc460bec04,4,Vorwerk Group
5cc6c66d-ffb2-469f-9385-cda840e57836,4,MAPFRE
68c00060-d80e-40a5-b83f-3b8a5bc570b5,4,Salford City Council
e4a31a4b-1d2e-478a-8e65-c2011356ca3b,4,SERFIM
b6cbee96-868b-49d6-8572-6adc0c0f9c3b,4,Sharjah Archives
687627d8-9f0b-4b74-be27-5e080b0a16c1,4,Contoso
617dc8fb-8f68-4abc-94f8-7c087ea89c7f,4,Airswift
d05f986a-a71d-4fff-87fe-ecf3bf8e4c5a,4,Abu Dhabi Developmental Holding Company
e4e1abd9-eac7-4a71-ab52-da5c998aa7ba,4,L'Oréal
72cd8731-6f8d-412a-ba3a-3b604bdf2011,4,ITEOS THERAPEUTICS S.A.
7123dabd-0e87-4da9-9cb9-b7ec82011aad,4,Nice Systems Ltd.
35aa8c5b-ac0a-4b15-9788-ff6dfa22901f,4,Migros
b3ee55ca-afc9-4d69-8d6d-1ccc399730c1,4,Lemongrass Consulting
5f362d22-608a-4e7a-b9d8-4992bf1981ef,4,4flow SE
eb05de8a-4b6e-46d1-bca1-4582ac5030ad,4,40fi Limited
6cf18ffb-42c6-4d7d-9874-5c515ab0c6ae,4,Daikin Europe N.V.
9aa86ada-8942-4465-a292-a2943dcbc031,4,boxxe
70d22a8d-923a-445e-82d4-32329da21746,4,Advania
71cdc4e7-1b11-4b12-a388-1c545300f693,4,Korton
6e93a626-8aca-4dc1-9191-ce291b4b75a1,4,Raboweb
209a8efd-4a47-4b08-8f7b-c992ae69f530,4,VFCloudWorkplace
d4c85b96-642d-4858-9569-84bb8b4c8821,4,Newcross Healthcare
37cd273a-1cec-4aae-a297-41480ea54f8d,4,ArcelorMittal
aa42167d-6f8d-45ce-b655-d245ef97da66,4,Corporate
b6d20314-e399-4fde-8ab1-a9da4f204984,4,Boldyn Networks
08a5130e-6c7c-49d7-888a-130c957c90e5,4,Arthur D. Little Services SAS
0dd66dd6-0730-47ae-b2f3-ba1f625c6192,4,Strabag BRVZ GmbH
c6a8176c-7e92-4965-a39c-a2cad0d5e80a,4,Dario Corsucci IT Solutions
f576aafa-25b8-4e4a-8cfe-195ab5fb36e7,4,Mobilus Ltd
5da3e104-00e8-40ad-82e4-db4a68281f5c,4,Salfer GmbH
e4daeb60-4ea2-46f5-99a8-6d17cbdef149,4,Foadak Corporation 
e00eb767-0a62-499c-af02-ad20dc130e02,4,W365Test-PROD-PREU01
ba008efb-b540-412c-8191-35f221053e40,4,GEBR. MAYER
4c250825-bca2-4992-9dd7-1f4b8e80ab62,4,KM Construction Inc.
df1d1131-32ed-4037-b76b-b93b957b2f0d,4,HIBIX Systems GmbH
ee9f8593-0fe4-4759-ae3d-540a9b1278ee,4,Steel Blue Sàrl
9c5d1055-6ca1-4cb1-8d63-f3b060922565,4,Misco Technologies LTD
77c46b50-02be-4822-8c31-46b93e359e4e,4,PHC Group
39d6d41d-c7ca-4a42-ae3b-0fba82be994b,4,easyJet
992d714a-338a-474e-8506-bfec997dd1c0,4,HIT
07d2f395-f69c-43ab-88a2-b82f1151042d,4,Truesec Detect AB
9f5b879b-aea0-4350-a53a-048581089168,4,CROWN JEWELS CONSULTANTS LTD
b914a242-e718-443b-a47c-6b4c649d8c0a,4,E.ON
d04499d5-2857-4e28-9177-6e949859db83,4,NCC
55f0c016-aadc-430f-a7a3-df9b001c0cdb,4,Silverbridge (PTY) LTD
79433f48-c36b-4606-8d99-886de32341af,4,FIDAL
a453ef8d-c7d0-4846-8228-3a36f1cfed6a,4,GME
8aa0ecb7-17a4-4efd-858c-1b04e5e7f655,4,Intellecta ehf
e4c80833-950f-4cd6-8def-2cc25e3a87c8,4,Arkaim Advisors LTD
5dbf1add-202a-4b8d-815b-bf0fb024e033,4,Siemens Healthineers
5f1cde5a-c03e-4517-ab3d-366e2c4c49e1,4,Inigo Insurance
5878df98-6f88-48ab-9322-998ce557088d,4,Planning Inspectorate
92042f78-2a58-4407-b076-d7271143bb9b,4,GVB
f4246ccf-daeb-49b9-bc11-f01f5db1744f,4,SSC
e2800852-23a9-454f-b2c8-7e01c3f636d6,4,Small Enterprise Foundation
00067008-e4e0-43b8-bdef-9dacae5626cb,4,Titan Wealth Holdings Limited
a7be886c-9a8e-4d7b-a51d-a7c1f03a41a0,4,Toogles Foundation
b3d09b6a-b131-4c2e-8c5d-eaf20ccbe857,4,Hun-Tec GmbH
6171e1a1-b822-451c-b9bb-e6e35d88b0db,4,Abu Dhabi Commercial Bank
805bc25d-8e64-4ed6-8d24-3883c9068c5a,4,Vipps Mobilepay
e1ee9ca2-db9a-4b56-a4f2-27d8e22c7076,4,ext.concordia.ch
e13a1198-1028-4860-a784-e5c8447b3683,4,Club Leisure Management
4e17c253-c86d-4429-8e6c-c965fd54f13b,4,Wanstor
eae82d0e-137d-4df8-ab74-34f582042d39,4,Aeven
e11cbe9c-f680-44b9-9d42-d705f740b888,4,Sandvik
8db3ceb8-7446-48bc-8bb4-97803c527a37,4,TIH
98731832-40da-4546-9203-f68390800051,4,VINCI Construction
3fc54d4a-8ffe-4ce0-b543-942e13faa1e4,4,Priority Title & Escrow
ef878001-3da8-4619-b086-6d7d387d464c,4,Adverum
50a81cdc-f3d5-45a1-83e8-51e930e12ead,4,Clearwater Security
ef575030-1424-4ed8-b83c-12c533d879ab,4,VUMC
10a18477-d533-4ecd-a78d-916dbd849d7c,4,OpenText
2b5b7d77-f19b-4c6d-b180-5768c09ad43b,4,"EVERTEC Group, LLC."
9ce83773-ccc5-486d-b7a8-75038586fb71,4,Red Wing Shoe Company
16fd0d7b-63a5-4fae-9f64-a98ac4019d7d,4,Belmont University
adf1e1f5-5c6e-450e-a168-8f4de1d6740b,4,"AmWINS Group, Inc (USA)"
12381f30-10fe-4e2c-aa3a-5e03ebeb59ec,4,Schweitzer Engineering Laboratories
40611afb-fc7b-40b5-9b15-7026679cb69e,4,NCC
47a62058-fa3b-4d10-8dd1-dfe252f4576e,4,BIORENDER
9274ee3f-9425-4109-a27f-9fb15c10675d,4,Reed Elsevier Group ICO: Reed Elsevier Inc
a70bba3a-a989-4eee-aacd-c001799211c0,4,BIG Language Solutions
10a79a70-90fc-4bd6-ae09-bf4f47a7cbc0,4,Jamf
d72bf766-eac5-473f-8170-2e4f4954c317,4,Harley-Davidson
c143f28b-dcf9-47fc-9935-4311e093ef91,4,Gettymon
ebe484e1-fc85-4f34-be1d-13141c427493,4,GLP US MANAGEMENT HOLDINGS II LLC
93f33571-550f-43cf-b09f-cd331338d086,4,DXC Production
6795699e-bea4-4bc2-bd34-626fa03843af,4,lkmethod
354f10a5-0782-4663-8897-8b60747eb8bc,4,"Assurant, Inc."
80375f1b-98ac-4fb1-979f-659ec067eae0,4,"Gilder Gagnon Howe & Co., LLC"
fb9e9682-0122-4c27-ac68-4c419bcfee51,4,3E Company Environmental
1b2f14e2-91f9-4876-9f59-3cb09b4ec310,4,"Strategic Solutions of Virginia, L.L.C."
c87103fc-5d8e-47ad-bd8b-6e0518567809,4,hakunamatoto
f0463b31-a778-42ff-934a-cf4275dfe216,4,lightaria
ff9b87e3-c548-4b3d-8782-7cf47b86c057,4,FactSet
8ac4225d-43e6-415c-ae38-6e4f1f306107,4,"SpringWorks Therapeutics, Inc."
99d4f704-71c1-443d-95fd-466978b7e5ff,4,Boss Facility Services
63982aff-fb6c-4c22-973b-70e4acfb63e6,4,GSK
00a9f7b2-9733-42fa-9b43-3ffc9f5d132d,4,Salt River Project
cea2ae4f-f54f-4f18-8f13-ec883c26d4c1,4,GRS Technology Solutions
84407cf8-bd68-4567-8ce9-849cd60fe0ad,4,Contoso
1fc02b6a-5496-4954-83fd-125f5c10411d,4,StateFarmTest
b2497757-dace-4ebf-a4f5-21668d4fa674,4,Becton Dickinson and Company DEV
cdfa38c0-9bd4-4054-94e2-70d09650508a,4,onsire
ea03c9af-0c8e-4105-8ad1-a3c666325c34,4,Vanna Health
d39bc9af-4689-4441-a40d-b11846f2af51,4,Houchens Insurance Group
44ba1918-87d2-44a5-bc1d-5b26b9ef4f28,4,Affinius Capital
4c904f98-46ba-4fb6-aec1-8d4bfbfb4bd3,4,Boyd & Jenerette
01bc53fb-79ca-4409-b3ed-a1a5082bdd00,4,"Smarsh, Inc."
a74cd446-d03c-4d05-afea-429e248a5fc4,4,Red Lobster
e79e466c-1c8e-449a-a93b-dcdcb8b3e6bf,4,Red River Mutual
7efb6cd9-60ae-4343-9853-485cb4f83ff2,4,Liquen Park Corporation
c3d2cefd-98df-492d-85a2-b9461b3e49f4,4,Axium Infrastructure
5451833a-96cd-4cea-926c-874d64ec3353,4,Insuritas
c22280d2-2ea3-4aac-bdeb-934edac42cf6,4,Drivewyze
7a9376d4-7c43-480f-82ba-a090647f651d,4,MSCI Office 365
1d52ba18-85ac-4a44-9bbb-a64541c69c85,4,Deciphera Pharmaceuticals
e4d60396-9352-4ae8-b84c-e69244584fa4,4,Developer Express Inc.
fa4f1b26-017d-43ce-b227-f5af0d2cb918,4,OPEN APPROACH INC
2242945a-4ab9-4132-840e-cce1c66e31bb,4,"The TJX Companies, Inc"
831f8b7b-7bbc-4d34-a62b-7baf9792d24a,4,PwC Staging
dc8750aa-6ec6-40bd-8d81-301de01ec845,4,Secureworks
f0ff917d-ab8c-4129-b13f-33be267a153b,4,"Dynata, LLC"
e51a0494-54df-498d-96d6-a06b38ecfafd,4,CATENO GESTAO DE CONTAS DE PAGAMENTO S.A
06e97b66-b08d-442f-8120-29819b4752d9,4,SandsPoint Capital Advisors LLC
fe5df672-d27c-4f08-ae79-6eb9db0ef290,4,Lu Labs
9bbbcb03-4dc3-44a3-a63e-0b490987f4cc,4,Ryder 
363f8ad7-1be3-4f05-8a6b-4955756fe2f6,4,Cerence Inc
03e832ce-094d-4423-b864-c11e2a626509,4,Allata
b559ff05-4aa5-48bc-8258-0535dc273e7b,4,First Command Financial Services
61f0a7ec-2fb7-4d25-b0a7-7772ef495bdf,4,Nashville Electric Service
e4cc3425-4711-4cc4-adc6-0006d217b2ff,4,The Chamberlain Group LLC
a161d5e3-2ef7-4a15-87fe-4a0b6a295fac,4,"Icims, Inc"
c70bd33c-499a-46b7-aa9d-b0ff7510fc93,4,Aristocrat Gaming
ec5dd7b3-0e80-414c-ba2a-6495e1f57384,4,Reltio
e39ac657-392d-44f6-8431-a2268d368177,4,Altais Health Solutions
68ae4dab-b723-4060-9829-c06228a9fc2b,4,van den Boom & Associates
ae716dcf-a88d-4332-99bb-20fa9eafafa4,4,Bankers Insurance
ad30e5bc-301d-40db-a10a-0e8d40abe0f9,4,"Siteimprove, Inc."
788b2209-8ac5-49c7-be90-e9d65f406a5c,4,Financly Inc.
7ccd8df8-7949-4e35-b0fb-01e3657f76e3,4,Momentive
eba54362-0703-4f76-9264-d6bfdbb2967e,4,CNPPD
fd753b92-f3b7-49fa-95cf-aed075c0f21c,4,CN
6529f55e-1eb5-4488-b560-c215462974a9,4,Rocky Mountain Dealerships Inc
cc217805-ec0d-4607-b10f-173043224018,4,K&L Gates LLP
560e0818-a233-44af-b3a6-c870b2e48318,4,Vervent
70ebe3a3-5b30-435d-9d67-7716d74ca190,4,Dynatrace
76e3921f-489b-4b7e-9547-9ea297add9b5,4,Willis Towers Watson
e6732d7e-cc8e-4883-b95f-2477e2731721,4,Trulieve
a8e69a8c-ce39-41d5-9b61-c2e87704fa55,4,Medisolv Inc
1b191c89-1809-46f1-86d3-4debfb667449,4,Alta Resources
925b3535-30d6-4f8f-b70f-a7aa7e1b3445,4,SPS Commerce
9ac44c96-980a-481b-ae23-d8f56b82c605,4,"Align Technology, Inc."
e069698f-79b1-4b6c-9d56-230f444246d3,4,United Therapeutics Corporation
f27312f9-2280-4c74-a6ec-5310518e6df2,4,Cyber Advisors
2e68b05c-1182-4c23-a39c-7b16c378f4ad,4,KPS Global
b5b8b483-5597-4ae7-8e27-fcc464a3b584,4,Boston Scientific
4db6f928-bfb9-43eb-8104-6b85a431cd6b,4,AXIS Capital
e10751b6-9dfc-4faf-b37d-aa5bdca24fcf,4,Spring EQ
048ff727-7027-4cd0-b672-f075b0bdb973,4,Coats
c7fe4dda-d720-498c-8d8d-e8fe0ef3f333,4,BioCryst Pharmaceuticals Inc
012067c5-289a-4d6a-b084-a9d4c120adf3,4,Warwick Investment Group
d584a4b7-b1f2-4714-a578-fd4d43c146a6,4,Baker Hughes
e5727ede-c5b5-4bec-87b6-c4f55152da8a,4,"LMS Technical Services, Inc."
8a2ddc64-c6c8-46c1-8295-2e91bfe87ec0,4,Tishman Speyer
391f0635-6a9f-493f-beb1-229e16b6a485,4,Lunavi
25a0fe74-b1cb-46ee-81f5-8cbb7b5ca144,4,ATPCO
6353b382-8fbb-47e4-8068-20adc46acdb4,4,addepar.com
36d85448-ddfc-4d3c-8ca4-d2abc15dec5e,4,Contoso
5ca5d244-1126-4827-8ff2-f9408208657c,4,memconfigmgr.org
8820279b-c0be-4bde-83ed-fe6b6f9724d5,4,Avnet
f2e74939-4324-4a26-8719-9793a66e8353,4,Hyak
7d700ef5-a0c9-432a-a2ca-fc29c16f2d00,4,Catholic District School Board of Eastern Ontario
532ac01e-c1e4-42d3-bec0-7155a8cd9684,4,ConcertoCare
07d56d1f-29dc-4168-96db-3858156daa05,4,"2U, Inc."
48f68f5a-8cb0-42fc-9ecd-1088a2ae2ea5,4,"Provisions Group, LLC"
4e1f5de8-885d-4f6c-b040-f141ae1fc499,4,Targus
386324f0-0977-46de-b540-95956a6165ab,4,Boston Partners
24294bef-5951-49ea-b544-27e15b1c4d01,4,Dodge & Cox
2fdfac55-d106-4200-a60b-9ea11706fa32,4,"USLBM Holdings, LLC"
efb8523f-20d9-43bc-aeb0-2b3eb3080a2d,4,Magnit
8552d266-63a4-4bc0-8f95-742dca9037c0,4,GeeksForLess
1ff1c2f6-2271-4449-8f36-f285f9ba1fac,4,SAFARI MICRO INC
4b0911a0-929b-4715-944b-c03745165b3a,4,NetApp Inc.
d1ee1acd-bc7a-4bc4-a787-938c49a83906,4,ExxonMobil
ce56fae6-055d-4c9f-b6c9-9d341506a491,4,QBE Management Services Pty Ltd
83d737b1-2cab-426d-bf97-3935b32df6ca,4,Hyatt Hotels
56649931-60cb-486c-bbc8-13760186c1a9,4,Visa USA
9d169139-3571-4ea4-8bb6-298246734711,4,secureticketpurchase.com
c6750c75-f21b-44aa-85e8-19f72c8eccc3,4,Farmers Business Network
bd2ac3b4-122a-4000-ac98-779c8efd4722,4,Smiths Group
ad25d82b-0d71-4a3e-b33b-d8b8c912e133,4,Offerpad LLC
966f5947-4ca3-4c16-a15b-ef064533c7e0,4,Avent Corp
704ce3d6-a4bf-4e09-8516-d52840c9f7a9,4,UMGC
f818315f-2457-4685-b5c0-c77df094b6be,4,3G Capital
cd473335-9992-4e69-ac49-8ecb76f86350,4,ServiceTitan
2cb2e6b1-164c-425b-ba5b-151b1fbe963f,4,Point Energy Management
24c832a1-3370-4718-b780-2e0dc1af4906,4,Aspen HR
db266a67-cbe0-4d26-ae1a-d0581fe03535,4,Progress Software Corporation
127fa96e-00b4-429e-95f9-72c2828437a4,4,Clarivate Analytics
e7892f13-4fab-4aab-8dad-0a1408a6ad38,4,Jefferies  LLC
328ce7ca-15a2-4daa-8283-ea19fb11ac62,4,Renaissance Learning
36eaa4e6-636f-4579-aaba-269775aad891,4,Phoenix (Enbridge.io)
858ac541-71dd-4422-a20a-dc938fef007b,4,Modisoft
8e090897-cfc6-4515-90c9-975e9c464898,4,tvsdesign
fdcc93c9-9a86-4cbc-8191-28a76aa10009,4,QuVaPharma Inc.
4bc6f7b2-892c-4269-bb8d-c882bd98bfb0,4,KWC
29b5a602-9a6c-4075-a661-6e36ca016875,4,Coastal Community Bank
a57507b2-d296-4dca-a9ae-67b1484e02a9,4,The Channel Company
a25fff9c-3f63-4fb2-9a8a-d9bdd0321f9a,4,Mayo Clinic
d8907c73-cb83-4050-85ee-7c8dff188d62,4,Domo Inc.
a8cd4425-361b-4346-a448-cce70d9faf29,3,Electoral Commission
e8198d0d-e1ae-471c-9859-b346d220b05f,3,Fire Rescue Victoria
29f9330b-c0fe-4244-830e-ba9f275d6c34,3,Productivity Commission
9086fd78-e71d-42b7-adef-a5ffc198f33f,3,Best IT & Business Solutions PTY LTD
36ee75c9-65fe-4a87-85cf-0f2172cbf6a5,3,CloudPoints
547b64a7-e66e-48df-a146-3e898cbcb60f,3,SKYSECURE TECHNOLOGIES PRIVATE LIMITED
083900f2-20f3-4498-bcac-41efd49c045b,3,Temasek LOOP
23f641c5-3b59-475f-850c-f37bf0a15faa,3,Zelarsoft Private limited
b2cc26e4-cd84-4f37-9cb3-aa57bccc0483,3,横浜情報機器株式会社
18cf7d73-2b78-4837-ba9a-c047c4618401,3,Geekout Technologies
b223ef84-eb37-44e0-8ef9-6b666a35bdce,3,Laerdal Medical AS
0b704b8d-d8e3-489e-8d33-218d5bc2e873,3,Dubai Integrated Economic Zones
4a064758-652f-4bed-9b07-ec935f575bb2,3,Caritasverband der Dioezese Rottenburg-Stuttgart e.V.
fa74eeb7-373a-4c5b-8c97-4d330cfa9f60,3,Polestar
627c7072-bb9a-4714-b79c-602e4d28b25c,3,Teacup Solutions
c4db913b-246b-4e38-affe-1c7ec5c684ac,3,SECOWARWICK S.A.
4ab5ac5f-d46e-4a36-9b3a-0b5cf53b3308,3,OneMSP
88ed286b-88d8-4faf-918f-883d693321ae,3,Diageo
7f68b195-b967-49bf-bb32-f18582843bf2,3,BANDAI NAMCO Entertainment Europe SAS
e7e10883-956b-4b51-9bcb-8ab415658095,3,digitalewerkplek.com
9d5a858e-e6c7-46a7-a63c-da2023c57cf8,3,Tullow Group Services LTD
6adda485-8fd5-4b5a-b121-c12c9910eeff,3,Beristain
238076ac-b666-40ad-b2a2-7407cf5f04b5,3,Surrey and Borders Partnership NHS Foundation Trust
b2e47f30-cd7d-4a4e-a5da-b18cf1a4151b,3,University of Bristol
28bda484-392e-4b89-be0f-acf3754c8e5e,3,KWK-tec GmbH
4b97186e-ee11-49fa-acbc-f652ccf32938,3,mediant.nl
49720648-4476-4fa5-acec-888cdfc48486,3,syscovery solve & serve GmbH Mannheim
f7142c94-67ee-484b-8c07-0e13778c5635,3,BCN GROUP LTD.
ff3615ac-20fe-4391-a318-72fe3e3cc023,3,Inventiq
4da06a88-3c61-4df0-bf07-42bbfed85f90,3,CodeARM sp. z o.o.
a7f72255-4900-4129-bc34-810dcfa2f551,3,La Francaise Group
04da95f5-a758-40f3-b07b-065ad58a3b97,3,AGF Direct B.V.
47312dc6-0a91-4272-a8a5-031fca130189,3,"Tecnicas Reunidas, S.A."
39b68a68-b402-4ae0-971d-d71db557afef,3,Openwork Services LTD
ae87f501-3025-4ed4-90da-080ba37c525d,3,Wood Mackenzie Limited
d2b3a7dc-d57e-417f-90ad-149b872e9aa1,3,GEMS Education
9a6a818a-33ca-472f-8ab7-b4abb90c6261,3,4sys.pl Paweł Chorzępa
1ac0257e-013c-43d8-a433-0bcf57ecfb33,3,Thirtyone:eight
3d4d17ea-1ae4-4705-947e-51369c5a5f79,3,Xebia
262e09aa-0527-4096-9775-61e8b1dab4a0,3,Aludium Transformación de Productos
e5df709a-d959-4dee-bc64-42c4f223b0f4,3,Vitrifi Limited
06b1a98d-b4a6-4e86-96c2-258ae458ab3b,3,ACAS
4a1612ce-20fc-43f1-8c27-71a95167b458,3,Phaidon International
674dae3b-b520-4ee3-ab44-be1f4bf95594,3,Phyo srls
5d760c6c-e5b2-4790-a143-013580cc70c6,3,Enav SpA
8b2d4483-1cfd-4f70-b345-dec07bd4f22f,3,Ultra Tendency International GmbH
0048b276-2e7e-46c6-8476-3dfe5b070bb8,3,TAP Air Portugal
aa47bb29-e9d8-480f-922b-2d515d1e3edd,3,energielenker Management GmbH & Co. KG
efca9b62-b58c-47da-8915-38afb6dbe46c,3,TIBCO
d7790549-8c35-40ea-ad75-954ac3e86be8,3,KPN BV
bb1a63eb-eb09-471a-a005-37b07792a5b5,3,BUSINESS INTEGRATION PARTNERS SPA
255bd3b3-8412-4e31-a3ec-56916c7ae8c0,3,TÜV Rheinland Service GmbH
c32fb207-9871-47a3-bb18-7fba6df963c1,3,COC AG
c21323a3-a353-4cf7-a1c7-954e704b05bd,3,Coast Capital Savings
ac79d7d0-19c1-4d6e-b488-902d82fc7bd0,3,Klaviyo
b073bbe1-3ab3-437f-b92d-c0f49b4ba853,3,American Power Resources
8d0d81ba-ed03-4c6f-9248-a3b3967ca35c,3,Alithya
efd6a630-be24-42f6-ac20-e11ed46b2193,3,OSF Healthcare System
d6b0474e-14ab-41bb-adbd-8c39f8f21582,3,medline.com
e8b0b3cf-986e-4d3d-8090-07ea74d7cbd8,3,Orbital Therapeutics Inc
d026e4c1-5892-497a-b9da-ee493c9f0364,3,Interpublic
75532d59-04a8-484f-ad86-45b00b894105,3,Fulcrum GT
41e219f6-cd25-4251-ab92-4e2a1f06cd95,3,Brydson Group 
2434528d-4270-4977-81dd-a6308c1761a3,3,Northern Trust Corporation
c162a585-4fef-44bd-9271-d96409d0a349,3,Teladoc Health
1e2331d9-ddf6-455c-9f84-b9c26db0a1d3,3,Modern Endpoint Demo Tenant
14741586-7660-4102-a38e-6807e089dd69,3,Marcilio & Co.
1da14aca-4b9e-4517-a8ac-8af13d204df4,3,Contoso
2dd374c6-f330-44cf-8bbb-fef001753151,3,Contoso
9dcd6c72-99eb-423d-b4d9-794d81eef415,3,Trek Bicycle Corporation
af871f93-0cc9-4560-bb25-b1ac36644b8f,3,APEGA
26903bba-1b0d-4a5a-8c6c-d56104f2d027,3,UTI - Corporate
a34f8ecc-bb42-4bcf-b12a-798d0109d2af,3,"QRails, Inc."
d2027851-593d-4d9f-b776-e3a5812f383d,3,"Parallel Technologies, Inc."
22789e7b-ecdf-4345-a6a7-8a7927a324c5,3,Lambda Bunker
7a7c2d99-79a9-4222-93e8-4d200704e629,3,Kontoor Brands
19459078-3a82-4c92-9e70-cf454282dd38,3,Oriental Bank
c32405b6-0e67-42c8-8ec0-e05e1bc9d2d6,3,Contoso
aaa56331-c05e-499c-88f9-6d66245069df,3,Lantheus
8394aafa-3edd-43d8-b71b-2681a4a11804,3,EMCOR
36ff142e-a1a0-4517-9258-e9179df35506,3,Recycle Track Systems Inc
c2fd46e4-6ee7-49eb-9bee-e2176bd0d6f3,3,R3 LLC
09fbdbb3-3ab1-4078-b000-3436f8543f78,3,Progress Residential
5d77a346-bc3d-4f52-ada3-85cfab5578fe,3,US Cloud LC
ac5b2587-6c84-44c8-af53-05f2e523c92c,3,Contoso
3db789f8-e3f1-45fd-ac6b-de5cea47e7bb,3,"Transaction Network Services, Inc"
9ad0fca6-569f-4932-b35f-593f6e9deb96,3,"Woodward, Inc."
3a7190c8-5d0d-4983-aa85-3514c2135cdd,3,KPMG
a71ded54-1270-477c-bbae-cd1a92c4cf26,3,Sage Therapeutics
489f0f3b-e6ac-4928-b4f6-cfc55482e14e,3,Devon Energy
3ffcd03b-5b74-4ca6-a7ed-a0d9b89da6b7,3,ALAS
32dc2feb-7716-4cf8-b1a6-f02cf37fd6bf,3,One MTC - Prod
ca84dc0c-3fcb-4386-85ad-fbb73fbfded4,3,Gilson Inc.
c5b8c120-4c00-47a4-8617-e42fff900692,3,The Chertoff Group
b0cee36c-225c-4f48-b60b-921f444b5698,3,TransCanada PipeLines Limited
101ce67d-13f2-447a-bb65-0989b89dfdb4,3,kochind.com
aae8ffc2-4295-4f58-9e07-ab3dceb5df6e,3,Kain Akeso Medical Holdings LLC
d3b52f5b-f84e-4e98-8e2d-7b6d66463dc6,3,Superior Choice Credit Union
4da14433-0b6b-4f99-adfd-cbaa49a4f94b,3,Gearbox Software
3356d409-ed5a-4bad-ac05-b557a2a89863,3,Finning
79c33897-1d6c-45d6-92ad-8c26b93e2199,3,Intapp
342695bf-ca93-406d-a24c-65621f330817,3,MSTEST_CSS_MS_JEFFBRYANT
d1eaff4d-12ec-4185-a142-4924b76ce8d0,3,Rectangco
049e3382-8cdc-477b-9317-951b04689668,3,Colliers International
a5f07da5-6dea-471c-a962-2e72d1522d01,3,EMU Health
60edf9c4-efda-49f8-8f75-02ff642aa7c3,3,K Systems Solutions
5d2d3f03-286e-4643-8f5b-10565608e5f8,3,Kohler Co.
4e231e63-3ee9-4fe1-884b-471a2afd5f9a,3,"ASAP Accounting and Payroll, Inc."
86381568-641c-4318-b551-a80be8dc1ecf,3,Contoso
d9b63273-fc65-4fec-8893-b00bb60d7f80,3,Origence
ae1b31aa-fc35-4f7a-b701-ca48d4dd76f9,3,"Alliance Consolidated Group of Companies, LLC"
dd8cbebb-2139-4df8-b411-4e3e87abeb5c,3,Yale University
02a3101a-2310-48ee-843e-76e58ac00209,3,INNOVAXIONES 
dbf86914-de2d-47a7-a011-01813fac40db,3,TenantMonkey
a1d42987-0a2d-43f4-a244-b766f6c254ec,3,Wabanaki Public Health and Wellness
8ff68ac3-7f87-49cc-8c0c-c371edfed04a,3,Esfera
5508d6c0-0cb6-4390-9589-c7702f4cc37a,2,TEQ
dd2dbf0f-4621-418d-98ce-14761c4a17c0,2,CodeBlue Australia
ede6c83e-0b28-45c0-89ac-7a6cc148773a,2,LLL Australia
7feb0cfb-54f4-418f-bcc6-b6b572f9d0a7,2,Lyttelton Port Company
c5b20734-6d4c-4a08-aafb-c1f166e1e678,2,R&L Services Victoria Pty Ltd
8978210b-a94c-449f-9db6-7d89156cb083,2,Imagine Accounting
829b8454-eeb2-4a90-8960-6fc890cd3abc,2,Air New Zealand
c6fee078-afdc-4eb1-99e1-a29f1e30d0ff,2,nib holdings ltd
bed4da51-3cdb-4d0d-baf8-fb80d53268e3,2,Health New Zealand
2dc32a81-25ce-4e14-b7bd-f7a45d1170c0,2,Bank Of New Zealand
81b41bb6-6c4c-4fe9-84ed-78d69bdee3a9,2,Greencross Limited
4a6ef7f5-38f9-4edf-8572-22889c5d8392,2,DuluxGroup
26da0e1a-1ace-4d46-8ea5-5da117f08417,2,Ampol Limited
421f9ebd-8d06-497a-a256-3eaaa3279636,2,TMX
f6d2d153-e0ee-434f-ab31-a24b12136665,2,Northern Territory Government
a8c57d77-bfa7-4242-a53f-b09a37bb6c92,2,DBA Advisory Pty Ltd.
b85637cd-0dbc-4317-96f1-93a532068fa5,2,REST Industry Super
edcfc419-ef9a-4226-ab11-b45beeb0d822,2,Judo
4108c606-8a60-44a2-a4d8-3804b3e29284,2,Haylix Pty Ltd
88aeac02-ebcd-4789-8af8-615a6b944ba3,2,Commerce Commission
70def4a1-688c-4890-9d1c-3f854ac0ba68,2,Generation-e Productivity Solutions Pty Ltd
b820cdba-7d5f-4745-8226-6715f26a5e8f,2,RACQ
154171c1-9176-44c7-8432-93a94dfbabcb,2,AVD CxE Demo
d543165c-f956-44fc-86bd-c62b4e9f28bf,2,CSE
00255e5e-e05c-4a7d-b01f-a3cacf6c81ad,2,vtac.edu.au
202135f9-3565-43be-aced-d25c77afb146,2,Olea Global Pte. Ltd.
7ae7c16b-7491-45c1-b6a7-c4dc469742af,2,Hygenco Green Energies Private Limited
740e453e-09de-42ca-beaf-7e6e010e5ab0,2,yt
29d212f5-d1e1-4665-9f96-3a82e2863667,2,NDS Infotech Ltd.
65be8b1b-9098-44f6-961c-bb37464ce7e2,2,MSTEST_CSS_MS_v-ryoshinaga for W365SP
f311e06f-5dd6-4ea2-a02a-2ac02e59eabb,2,Technofocus Wincloud
a5465dc7-9776-42a9-be6f-075a06fa28f7,2,Contoso
a208d369-cd4e-4f87-b119-98eaf31df2c3,2,ヤフー株式会社
3423be65-6b30-4bdc-9b6a-b746e264ac87,2,7andinm.co.jp
bbf3b249-d680-458b-9ec7-52dba8859dca,2,Kaopanwa Company Limited
f688b0d0-79f0-40a4-8644-35fcdee9d0f3,2,Republic Polytechnic
b40185a9-fea4-4a38-954d-a18cf0498b78,2,株式会社MIXI
da280ea1-ea5f-49b7-8286-146cea034d39,2,NEC APAC (MSBU-DEMO)
3fadced1-e434-40ee-ac2e-db760e98cb49,2,SriHarsha
abaf7467-5b78-4198-bcf3-4f5a82b54223,2,株式会社マイクロリンク
8bd95877-54e3-4abb-a87b-a2c49e061183,2,Stretto di Messina
63c3c2fc-0654-4ccc-9c13-fe7367f4617d,2,Howden UK & Ireland
e6e68e14-0c3f-413b-abdf-8b1f8f0ade02,2,Hempel Group
a7e38ec1-97c4-4170-b474-f371e5db4101,2,Persimmon Homes
ce25ca93-004f-44f4-a6b5-eb22b45815aa,2,Norconsult Group
7919ea65-4c52-4980-bfcd-ce7ffd32f1ea,2,NMBS/SNCB
08bfc475-59e0-46d3-ae90-9fc144c67947,2,Mimecast Services Limited
4f7a2ca6-88d5-461d-b05b-e60ed0c7c927,2,Littlefish (UK) Ltd
ea374df7-a66b-413a-a9c9-1a9911c10885,2,Yondr Group
3b7e4170-8348-4aa4-bfae-06a3e1867469,2,Aker BP
15d1bef2-0a6a-46f9-be4c-023279325e51,2,B. Braun
eee1ee2d-7dbd-4f43-ae8c-949c943ca408,2,Ganahl Aktiengesellschaft
58af3eba-510e-4544-8cfd-85f5e0206382,2,AFRY
4308d118-edd1-4300-8a37-cfeba8ad5898,2,TOMRA
f6272511-b939-4bcb-9e64-9b732daae8a8,2,Canyon Bicycles GmbH
3288c4ec-b004-4866-b1a1-dcf4b1d0c9e3,2,Troax AB
debed6db-01cc-42e9-a288-e023485a86d3,2,Aster Group
bab5b22c-d82b-452e-9cad-04f9708f4bbd,2,GRUPO ILUNION
f7619355-6c67-4100-9a78-1847f30742e2,2,Energinet.dk
e5733095-4425-4f08-b6ba-487b9a46a425,2,Kudelski Group
10efe0bd-a030-4bca-809c-b5e6745e499a,2,NHS Scotland
4e6acae2-5b33-4cf7-8f09-842c7aba2f0f,2,Liontrust Asset Management PLC
befcd140-15d5-4713-a86a-02fec98214ba,2,Engro Corporation Limited
39c5be5d-2510-4eee-9ca0-197a6e89e482,2,Work
66984d9a-b5aa-41d9-9cf6-12cbc4d18e7b,2,Perfetti Van Melle
967f9b40-e2a3-4e24-a3cb-d0f6ab58bbf7,2,CloudSquad
61019d96-6ab7-4068-bc59-b9daef176c66,2,Cloudology Services Limited
a863af35-969a-41a5-94b6-a00ceac7c312,2,Obungi GmbH
b0ab5e79-b7c1-4176-a668-6600e5f142a0,2,Fjord Line AS
3815c0e3-8953-44b0-a841-79bf12224cf0,2,Wonga Online (Pty) Ltd
b1de1e59-af8c-44eb-8740-806e310ee4f2,2,Northern Gas and Power Ltd
161d9f5f-550a-484e-aab7-3f8a38f92e41,2,D&D London Limited
ad5d7a84-4189-4a25-880c-927aca8cdbbe,2,inlumi
fd5a8fb9-b5c0-46d8-9a18-c4383150559a,2,Justt.ai
fb353110-fd2c-4931-b319-e33eba81ef34,2,SPW Online
d892969a-53ae-4125-80f7-ca0d29424f3b,2,Promontoria Self Storage Services BV
6ac628f0-01ea-41a0-964c-a33f5774cdf5,2,UFDS
0a5b97f8-905c-467f-881b-bc5b48d68179,2,South Tyneside Council
193c63b2-e1d4-4572-adb2-1e98754b1ba3,2,Contoso
5f7b4df4-c0ca-42eb-a6f5-5a58886e1b46,2,benwatt
29d103df-e878-42c8-ad1a-77e1bd876f78,2,ELIZAY
b524f606-f77a-4aa2-8da2-fe70343b0cce,2,Somerset Council
252a3940-27a8-4787-a96b-96b9d345fa87,2,SPAR
65423f7c-7a95-48d2-8dad-f0751d48e90f,2,Xerius
2314cb5c-e44b-4288-b205-51ab43ecb122,2,FST
15dfb766-39dc-42dc-93be-d0a055665566,2,IKO Development
5ffb5bf8-f456-4580-ace9-439087ab56ce,2,Mercian Advisory Limited 
4dcb22d5-5dff-40e2-94a8-bdb4298f3331,2,UNEDIC
ca45368b-a505-423d-8464-3f699c610ac6,2,"OFGV - Omgevingsdienst Flevoland, Gooi en Vechtstreek"
7ed9bdc7-964d-4dc0-9084-812b90e05c6d,2,Kainos Software
cc1b34b1-6464-4af0-842a-467c97b167f0,2,S IMMO AG
957f82e1-e96b-48b1-8243-9d60f7a9628c,2,Koda
f110c12e-304f-4a50-b0d4-50167a96ee59,2,Sorgenia S.P.A
2898792b-c644-4207-bb78-a08f555def6c,2,Bizerba365
d6b0bbee-7cd9-4d60-bce6-4a67b543e2ae,2,Alliance
49147cec-ae74-4ac3-840e-b8310efd0270,2,M-Files Corporation
99c7da52-56fc-49ca-aa95-8f7fb09c995e,2,RealCore Group GmbH
2a5fd996-ec39-4010-8c52-9c3648189d5d,2,LCM Systems Ltd
ed5d5f47-52dd-48af-90ca-f7bd83624eb9,2,Alfa Laval
65e6e1aa-8c11-474f-97b9-d78406d69ce2,2,Nipro Europe Group Companies
dd3c2839-bf32-467d-9375-1f532efeadc7,2,ANAXCO GmbH
8eeaa956-52d0-4b90-8c76-135b87a70cf1,2,Hyperloop Solutions GmbH
be4ff74d-8c92-46ea-a9d9-0798a32ffc4c,2,Ringmetall SE
c765d391-7aad-4c45-8362-df4ece7a3fd4,2,Miller Insurance Services LLP
335122f9-d4f4-4d67-a2fc-cd6dc20dde70,2,UMCG
9b4dbc5e-c012-4ec1-b24e-ff7915f693f2,2,Using-IT
f84f3d88-40a1-45b4-a63e-6cc9a8eb4d94,2,Oiltanking GmbH
85587336-5707-4050-9850-821e56dba278,2,Energy Aspects Ltd
248d1edf-da24-40f4-8461-97a3ea7e66af,2,Gerresheimer AG
304e2261-134f-4e39-947c-f910cdf4b8b7,2,Anthony Best Dynamics Limited
2146c4ae-6471-40a8-b821-2774c8057963,2,SJ AB
df817b05-ea38-4fd1-9b74-9c2a5b208dee,2,Dizparc
d595be8d-b306-45f4-8064-9e5b82fbe52b,2,Trinity College Dublin
0df119c8-23ea-40d9-8dda-62d4a4db8dfb,2,Majorel
026f3f97-f463-4c41-ba74-bc156c3be494,2,VusionGroup
41ff26dc-250f-4b13-8981-739be8610c21,2,SLB
7988742d-c543-4b9a-87a9-10a7b354d289,2,Ordnance Survey
519fe39d-5daf-4905-80e4-04dadc9b6a2a,2,Teratech srl
60594dd4-57a0-46ae-96aa-9506be6fdaa2,2,novacapta GmbH
33733f45-cfce-4d1e-9d17-4adfad5af331,2,Enreach
bf7cb870-b378-42ab-a618-31704bc2e9b7,2,Kongsberg Digital AS
49d0d517-409a-4335-ae82-c45e8c80bd45,2,Scandinavian Tobacco Group A/S
05c525e9-f9e4-4ca2-8c55-e4740272c3bc,2,Forestry England
292c3753-d621-4a9f-887d-37db2f830082,2,Vuzion Edge
2626e6b8-a5b8-4a36-b304-de4997680269,2,Åkerblå Group AS
49bf645c-d1a5-4464-b193-a5726c29773b,2,Pinsent Masons
a1e7a36c-6a48-4768-9d65-3f679c0f3b12,2,Axel Springer SE
a1e38214-9521-4c2a-a29a-4fa0a4457a5c,2,Møller Digital AS
da9775df-a8ee-4f80-ac93-c503d899bf23,2,Skandia
b1645de0-bc01-4366-8ea7-77a3656ec938,2,DWS
af7227b1-ac3a-4487-9e9f-ba462bb409d4,2,Mobiliar Versicherungsgesellschaft AG
9c7c0133-86ad-4092-954c-54c5cf56feff,2,Umbrl
00c4c3ba-533f-4d53-b41c-3602a1c57c19,2,Abundschuh
73ad7089-bb27-40ca-b45b-3c824a704701,2,ETHARA
58dbe0f6-9241-4d6f-bfc6-189ae41ca91d,2,SmartReha GmbH
7a32c5f9-460c-4013-9eb1-ea24227e8128,2,Marylebone Cricket Club
bc1d8991-4a28-4552-abc1-ace7ae108274,2,Norsk Hydro ASA
9ce351a1-ad9b-403e-bf3b-1a3ed3900297,2,Hapag-Lloyd AG
c22cc3e1-5d7f-4f4d-be03-d5a158cc9409,2,Network Rail
9c3e8375-17ad-416a-a502-01f4fa669feb,2,Fishawack Communications
a63e784a-7912-47a3-a82f-f532baab8e74,2,MICUAE
3a16acc5-2a27-45b0-8fad-11a0dfb19c2c,2,The Children Society 
1a1dce20-21b1-4bea-a9d2-130e9f1f6e2f,2,Eurofins ITWW
eab1ed67-9f49-4610-a912-c0c657d53e32,2,The Data Agency
eb4ea38e-b149-4c92-8316-9a6b603c2dcd,2,nbt
94d30528-464f-45a5-a95e-816428f57b90,2,COSMO CONSULT AG
03f3b48b-c354-470c-bbea-d0318367ea9a,2,Radicant
3d4e423c-9d47-42e2-abf2-1322c6db2307,2,Contoso
acec755d-31df-421f-a7af-a5a0d43fe347,2,CasaRover
dea697fc-0189-42d9-b43b-ca4e150fc328,2,Golar Management Limited
d10aa343-9779-42af-a436-2fc2c643de2d,2,GSD Remarketing GmbH Co KG
e904fb52-a46f-4d6b-ad97-6dc605bf3879,2,Brainlab AG
3ee81190-954b-4064-8e7d-f12fd761fd39,2,ACCOR
3c293d48-be0d-4adc-8f3d-e5912b2c2901,2,Nye Veier AS
7dd1be18-4a1a-4f7c-a7dc-2e4c8a0059f5,2,DWS
041eede1-0ca4-4a99-9cc1-29f9d4455e89,2,Groupe Avril
4d902a29-4062-4509-9bab-e1e6a106ccd8,2,migrateIT GmbH
d2007bef-127d-4591-97ac-10d72fe28031,2,Electrolux
c3e0a731-a471-4841-9a2c-5a282d301581,2,KTTG
ef0f607d-b06b-4228-b086-9da26e2caa6e,2,WeDo Technologies
56c1d177-1ef4-4c9d-9393-6a9562ff4412,2,Department of Community Development
e744f481-b032-4bb1-8d22-c169c1a11b3f,2,gks.nl
7a6a65a2-0948-4923-8769-9f90bff267c3,2,patienterstatningen.dk
1c2154bf-3a88-413a-8407-0fd3dd69d216,2,ZPG LTD
ad200093-0cba-48cb-9853-16fb53354a4d,2,Knauf
e4f86ed3-121e-43d8-8626-6d88453a80ac,2,Baker Tilly Tributa KB
e1b00021-508c-4c89-9db4-9a888e0a644f,2,Contoso
9f6bdb5d-7e01-42ab-b8e3-eed3da65a714,2,Optinova Holding Ab
ee032e7f-73e4-457a-a0c4-cfbe17e33ceb,2,nda.gov.uk
a69fc719-3d2b-482e-bbbc-b327d39661df,2,Ultimo Software Solutions
24d9f80e-4608-4ecd-9a1f-1c5de98cfee6,2,COMLINE Computer+ Softwarelösungen SE
e9e25aa8-fdea-4f74-8072-579eba8025a1,2,Digit4U Business Solutions GmbH
a1ae5425-0bde-496e-8c5a-8a06b0d94277,2,Posten Norge
790cab84-374b-473c-8c3a-6f71d7722df0,2,"Viskase Companies, Inc."
9e40c846-fe72-41bc-9803-e9ff8576b076,2,Zorgpartners Midden-Holland
9ae5b6a0-ef04-4767-b488-e75ed2608265,2,ParentPay Limited
a6cafcbf-0fc2-404d-ae07-c616d5544fbf,2,socialpersonnel.com
f17bd375-b726-4319-bc29-633105befae1,2,Primetals
5d471751-9675-428d-917b-70f44f9630b0,2,Nokia
21fe9e59-ae52-479c-ae85-68f3aa06763d,2,CANCOM
fad75a54-a323-4cd0-8e51-6a8d57035aa8,2,Orbia
11771686-98fc-4f1b-8e00-76c52159e8a6,2,Bankdata
db3ec142-1ce5-455d-9906-4d3ceb9e977f,2,Lindt
972e7678-7df2-4d6b-b297-e62aaa6971f0,2,baseVISION AG
f82a5d47-e0f2-4b7a-b1a3-7709ce2163c9,2,ESB
b5dfc6f3-6751-4426-ac1a-ae3a5fa0a0db,2,BMT UK
fffdf13b-2fe7-4bd1-aabc-04c6182ce4c2,2,Yunex
28dfcc89-f68e-4a13-b297-fca7fc334f29,2,argenx BVBA
33440fc6-b7c7-412c-bb73-0e70b0198d5a,2,ATOS
cb717e27-625e-49a5-8e75-aac1aa292746,2,RIMERIT GmbH
e159c0a6-837c-4629-bf29-5ae43de9fb34,2,InfoCert Spa
bdeaeda8-c81d-45ce-863e-5232a535b7cb,2,University of Leeds
661f8f5f-1e7d-4d4d-a886-1d2661c4ddf8,2,Elkjøp Nordic
0c0338a6-9561-4ee8-b8d6-4e89cbd520a0,2,Vlaamse overheid - Office 365
28b2de45-4bc1-4b65-bc8b-b63c34d108b3,2,Neuca S.A.
f4cfb80b-2cda-44bf-aaff-8bd16e7e47f8,2,Ponsse Oyj
882d47f6-50f4-4554-9aa6-43a46416b0f0,2,Carlsberg Group
af33e969-0b64-4c2d-bad6-329f25f2d990,2,Operator Chmury Krajowej Sp. z o.o.
7a67a070-8ce9-4692-b1af-bf788306bc66,2,CCHellenic
722bb117-d396-4e7c-982b-8c9f8038294d,2,APTIM
9356ab53-e6a3-4b3e-ae06-a65cdaf3b31e,2,"7-Eleven, Inc."
e4eb2309-e755-4f0c-89ac-081cf3d84440,2,Newmont USA Limited
41f88ecb-ca63-404d-97dd-ab0a169fd138,2,Arizona State University
ed9e49cb-59b0-45fe-b350-838ce3d8380d,2,Accordion Partners
bcd8ba5f-75e2-4d6c-8aa5-fff6c8baa1ff,2,"Tungsten Automation, Corp."
dfcc033d-df87-4c6e-a1b8-8eaa73f1b72e,2,City of Ottawa
68f381e3-46da-47b9-ba57-6f322b8f0da1,2,Texas A&M University
c33f6d28-3425-42a7-8827-d21f10bb2e83,2,School Network
3d7bdfeb-56f7-4b76-9a1e-ce8c723dcc1a,2,"Capital Data, Inc."
c50bd615-9758-4ecc-adc8-8cf9e40bb5c9,2,Obayashi Corporation
23cf7f7f-934b-4077-bfa8-6854ba449412,2,Eyes Lips Face
d4f92396-fde6-4d00-bffc-047c313611f4,2,ACPNY
db230730-c0eb-455b-aeb8-4b2ccfa70645,2,ZTDS Labs
58bf61bf-63a3-40fa-aa99-f8ef3e02d738,2,Litera
90254b37-ddd6-4784-a73c-67a28484e423,2,The Hershey Company
cf9d51b4-0eed-4aff-8425-4bbad5d656ab,2,Yale New Haven Health Services
0004e312-8ff1-4404-8f2b-ef8858f7007d,2,Texas Health Resources
826265dc-867e-4ea5-8b10-4ad0b4fc4127,2,St. Charles Health System
4b843c54-adae-4ff2-9f04-d9248f52101e,2,"Franciscan Alliance, Inc."
9b893b67-6443-4d66-89db-071299e7a04d,2,"American International Group, Inc."
5f40b94d-de92-4c81-a62a-4014455791e6,2,MATTEL INC
98e9ba89-e1a1-4e38-9007-8bdabc25de1d,2,Qualcomm
d0fcd025-627e-4103-8392-bdade8d92c7f,2,Factor Law
643f046d-1e49-4de1-82cd-77609394e191,2,Eide Bailly LLP
531cef5f-f13b-45b6-ac5d-c0edf674e08f,2,McManamy McLeod Heller
dbb7eb0f-7cc1-490a-8201-e05c3a8b8cb2,2,Contoso Business
32337af0-afa2-4759-8ef0-c910ba65b8ca,2,JADETECH
b8e5a5fd-ebf1-43b2-884b-5991fc00df3a,2,Next Gen Workplace
4e15d379-ee3b-473a-aeb6-a5956685ff69,2,Giant Robo
336fa9be-5e80-4887-a872-0c5d294150ae,2,National Life Insurance Company
9c36a7d0-bf7b-4991-9b78-be91a52f0226,2,The University of South Dakota
de74970b-97e6-49f7-9ebd-249275df0b1f,2,Pacific Clinics
3c13be91-56c3-4e03-99a0-eaf5e8603f49,2,EDSHAP
2f80d4e1-da0e-4b6d-84da-30f67e280e4b,2,IT Quest Solutions (ITQS)
800a094b-60c8-42e5-afe6-6ccb630750c2,2,Dallas Independent School District
164f988b-a2f4-4584-aeaa-21bd4a0234bc,2,Bank of Canada
780e0d8b-30f0-44c1-8bc6-1875fc5634f3,2,Pinnacle Bancorp
c9bfcf4f-1345-4951-bbb0-647a6bfcfe1f,2,Cloud Target
c0d67b6f-8764-4971-8923-48c7a8e45858,2,Talkdesk Inc.
6088c291-876d-4c77-8638-60432978fd24,2,Arc3 Gases
4b56846c-a6e5-4e0e-80f2-ae9e04c33a96,2,Softlabs Sandbox Inc
0dd6ab1b-3ca8-4745-9ef4-87bdbd1f3a91,2,Cyber Chain Technologies
8089694b-a459-44ea-bcad-6a86094de2e4,2,Contoso
d4dda73a-9975-4405-aa09-46f877bbbab5,2,Contoso
813f453f-b8a8-40c8-b5af-298df1bcf62a,2,International Bank of Commerce
43683d1d-7d43-468e-b4d9-f9074eb571bb,2,Relina
6412e853-403f-418e-8eb5-707e88129d7e,2,"Lin Chai Rawlinson, CPA"
d0deeebd-f1d4-417d-9239-8dc40d182181,2,MUFG Ltd.
eb128f0b-e32d-41a0-980c-68ad9886a4bc,2,sergentfamily
ef9dc9e4-aeb5-422a-9b5d-8a93e1d847d8,2,Elida Beauty
04e1674b-7af5-4d13-a082-64fc6e42384c,2,onsemi
3d8e0c49-5b89-495e-8896-8ec9f4237edc,2,Contoso
daac1548-6dd3-4674-86af-dde23f199184,2,[TEST] Data Security Lab
cad4f756-7ad0-4e93-be17-58e50ff7aad5,2,Genius Avenue
a8eec281-aaa3-4dae-ac9b-9a398b9215e7,2,Northeastern University
8172f932-5feb-4c4e-af27-7ccadf81b8ba,2,CleanSlate Centers
8567a26a-3371-42ad-a2af-23bee9db41dd,2,eGroup Enabling Technologies
94cd0d58-8048-4689-8d43-0288abb0182e,2,CPU
46c5178e-a0f4-4f4d-8c40-9598e3d11860,2,Cushman & Wakefield
090de1e8-dcda-4337-8f7a-5366b16caa92,2,CRISP
83679390-02ec-4ba1-ad3d-69da3fdd637e,2,Warner Music Group
cd712908-e82f-4c93-a6a0-f54ddf543bec,2,jose Jesus mendoca
1c2b53a3-b75d-41c0-b8fd-83a33c456c43,2,D.H.B Original LLC
e374b900-fa90-45ce-a2c6-062fcb6a177a,2,Alaska Native Tribal Health Consortium
073c2450-9568-47ef-8d75-e15dd021d2ad,2,DEV Royal Bank of Canada
1ef86925-9ec4-413a-bb9d-e9bc2aff2395,2,Dexcom
e201abf9-c5a3-43f8-8e29-135d4fe67e6b,2,PACCAR Inc.
f2ddb62f-8335-4cc9-9886-175b834e4bf3,2,"ConnectWise, Inc."
cf9c666e-c0ab-474c-9349-7e982de69b45,2,One Nevada Credit Union
79e69c11-c71f-4f34-8463-0d6f08bde18d,2,"Lion Group, Inc."
f1e31150-57dd-4b78-9208-3c24b9366a23,2,ATCO Group
845ec3ef-a99a-4ae5-a1ab-cacf7c862e93,2,Allina Health
b56591e5-6490-456e-b21d-40500f93e44c,2,"AutoZone Parts, Inc."
cc8936bc-9382-4fff-87cb-6f55999549e7,2,McKinsey & Company
0e1f3187-4610-4ce2-bad1-b92f4ba36ab3,2,Echostar Operating L.L.C.
5aa4b640-c9fc-4a9b-b3a3-d4a7d008fb5e,2,Fisker Group Inc.
28e9e2cb-8acc-497e-a353-a2e0c6988697,2,TreviPay
741bf7de-e2e5-46df-8d67-82607df9deaa,2,University of South Florida
64deb2bc-4480-4710-aa18-e46f2560bce1,2,Scholar Scout
4698791e-21f1-48fc-b312-bf94d6d0544d,2,Logient
7c695224-668b-4787-8552-b1cab6ac0d71,2,SBSWorkforce
73506dd6-2bc3-49c0-92f3-b2877bab00ba,2,CoreView Inc
891bd407-19d0-4b9e-8af3-d8e9fbd636a3,2,Sunrise Poultry Processors Ltd.
dd390f43-dbf7-46a8-82ae-68d96b632784,2,BCLDB
018402d8-1aee-421c-8768-e93413f2d9b8,2,Sentara Health
03976ea2-ec20-4bde-bd06-24df24f64a6b,2,ABC Technologies Inc
3e959e22-f12c-4a5c-acb8-ce6041b88fe5,2,Insource Services Inc
9722866a-d4e1-4d5c-ad70-7452c8d4407c,2,Tufts Medicine
0bccafdb-7756-4344-9869-991d0a93be57,2,Consolidated Metco
9cac1ebf-b450-4f30-b772-71f6e085d905,2,Helient Systems LLC
d4062de4-74ba-4730-a339-59645ae170de,2,Stanley Black & Decker
24c204c0-b818-41ab-92aa-6029b995a3a5,2,TRADINGSCREEN
55f4fc1d-3e87-4d44-9110-85721a4d8d29,2,mgitconsulting
d8fde2f5-9392-4260-8a03-0ad01f4746e9,2,The Prudential Insurance Company of America
795521f8-9fd2-458f-a458-fb0746538e56,2,AMTRA TST
e8f37ff5-8f15-44e6-b461-83c8e6e4b95c,2,Office of the Attorney General - Texas
a494c9d4-9254-4336-8a74-d07073ed7065,2,FRANCISCO MANUEL MORENO VALDEMAR
c3bf4e61-4ab4-4b2b-bd3a-fc85c7a1c0f1,2,Solventum
2908231e-3c4b-42c9-a39d-6cb3eee0e7f2,2,AAA Life Insurance
e2ba81b8-03fe-407c-96a1-f4bc0f512e7d,2,ManpowerGroup
3b1e69ee-71af-48aa-a8f0-ff8e7f528f44,2,CyrusOne Inc.
1de17745-4074-4b65-80ad-e40ba5443d68,2,Contoso
f7a61fb4-07db-4f01-9f8a-263c7b2b8912,2,Contoso
906aefe9-76a7-4f65-b82d-5ec20775d5aa,2,Comcast
82a16343-9ef8-4c4f-9900-740ea3c71df1,2,Firmatek LLC
d902def1-b183-4630-9ff8-bcc7ad2e1635,2,Contoso
0ed45188-c605-4511-8b80-3a5831be1abc,2,Equitable
899c2c2b-53c6-436c-ab16-4c19a1b2d258,2,Crete Professionals Alliance
aae8bd45-1879-4a6e-ac08-16cc906ee6bf,2,POPULAR INC
0e87adc8-49b3-4a6a-83ad-ceb1c4cdee49,2,Cascadia Healthcare
55a8d9e9-da72-4987-ac28-51b3b5add15f,2,Canaccord Genuity
ee75c49c-c1cb-49e2-b55d-6b0f8e02208a,2,"Leggett & Platt, Incorporated"
f7a480f6-6833-4b64-b1fd-db951f1030bf,2,Ignite Solutions Group
daac24f5-3b94-4924-ae0e-d99991d5ee4a,2,Sventation
66295b3b-c4fd-41af-a077-c0ec2a40e369,2,American Express
50dda628-5b0b-4176-a912-070d5d2617d4,2,"Senvest Management, LLC"
8a82ddc7-f3af-4ccf-be0e-8463f12b2fd0,2,Contoso
92586a6e-2181-43a3-84b5-3f3bdad71ad7,2,TEST_TEST_Multidentity_TM_TM
87a7e5a4-ceb0-45b8-b97e-006908a8fc2c,2,UEC Test Tenant
85674dd6-ebfb-427f-b783-7587eb4e00df,2,"Award Solutions, Inc"
e0fa3fad-c8d6-4e36-a8ee-cb651f1c01f0,2,Early Warning Services
459c7ac7-76e7-4b87-8d81-2a16fca9f62e,2,DIG Insights Inc.
56a3049c-5046-4e2c-85f1-19857ce1a367,2,MFG CETS AWESOME
88b431e7-cf2a-43a9-bd00-81441f5c2d3c,2,Allstate
78f2dcdc-c9a8-4b20-9afa-5cdd988d6b33,2,"CommunityCare HMO, Inc."
8c5da41f-3928-4395-82b5-eb0cbb406897,2,Insurance Bureau of Canada
c2a82d3e-d966-42b3-a499-3b70ea2ceb6f,2,SPOT TECHNOLOGIES
fba6e482-89fe-46d7-9eed-1a9267d9a61b,2,Filtration Technology Corp
865db720-f28c-44cb-bc9d-40eff4015427,2,Neurovative Diagnostics
d0d068a1-f100-44e9-afeb-cdb37c8f5d07,2,"Akin, Gump, Strauss, Hauer & Feld LLP"
675d48c7-fc20-4992-a023-7d00cd4a3657,2,"Groombridge, Wu, Baughman & Stone LLP"
7995340f-8cad-4fd8-9b4e-c2781e660a5a,2,Chesapeake Utilities Corporation
f40a10f0-50ee-4880-9a37-6e1dd4ac2ff3,2,Hydro-Quebec
849c4293-31ae-4825-a834-b8bb5ab65c28,2,Motus
927d51f7-0f22-40f7-b6f4-a1f1bd89b967,2,MHA
468e107f-7c8b-4418-a7d5-c3f79f4b55a0,2,AVAAP
c8c6dd35-871f-4f30-85ac-6535f3982514,2,Baxter
db80f75f-caf1-4266-8913-b4834ee415fd,2,Contoso
3a27b3be-73fb-4dec-84f3-3f780c54a9c2,2,Alvin Daniel Casado
0f087cc2-bc5d-40bf-8db4-41f99d0d1619,2,The Cincinnati Insurance Company
2ed5bc5d-8f0f-4997-a35f-828fcb14079c,2,Contoso
29cdffe0-052e-4a5e-bbe2-f69abfe67e6b,2,White and Case LLP
cea0868e-b65a-4072-a468-eec1696351b8,2,solarislab123
e0fe8cac-94c9-430b-a3bf-1890d3f1b398,2,SPANX
631f5ed9-a799-4296-b414-9aee47fce3dd,2,Magnet Forensics Inc.
f39286e3-7b9d-498d-9396-f4b1470e5783,2,ACCO Brands Corporation
d7a81b0a-859f-46d9-bb8d-d4d35cdf7a03,2,Fenton Grant
088e9b00-ffd0-458e-bfa1-acf4c596d3cb,2,MSC
18d9fa53-ca73-458c-93b6-27bf425d19ad,2,Contoso
e08b1364-05d2-4b7e-877d-5cf19ce86baa,2,"Sumitomo Pharma America, Inc."
67db25cc-2f9f-47ab-a5fc-29b374107a16,2,Azurative
02373c84-52b2-42e4-b36b-5989891f7d5c,2,Contoso
f664595b-14a6-4537-aa0a-5012ae6fa0dd,2,Contoso
921f12b2-371d-4e94-a156-f70348be9e0e,2,Vaco Client
5b96a743-f749-47d7-8e3a-f7ba92a15e59,2,RLH Fire Protection
ca9ebe88-c751-4d5b-88c8-1471413e3b44,2,Inviso Corporation
dc2444f7-9b6c-49bf-99b9-2267e9fdfea5,2,compliancequest.com
5ac138d9-930e-4c61-9133-d39f386b85da,1,CyberAssured
fea4de0e-6c2c-41c2-81d4-225ab3b0ce97,1,Vimsec Pty Ltd
bd166cab-1743-4157-9a4e-d7271c1f7442,1,ACT Property Inspections Pty Ltd
308d2158-f6df-4747-8791-e970657274d5,1,RWWA
cb15e300-06d2-4457-9984-55b8a6e4ce17,1,indue.com.au
bda528f7-fca9-432f-bc98-bd7e90d40906,1,South Australia Government
3428d044-c8e8-40ef-a408-06b9dc848954,1,White Industries
1ce492c5-5139-4fa6-8477-a15bc331373b,1,Silicon Systems Limited
218881e8-07ad-4142-87d7-f6b90d17009b,1,TAFE
3dc2f7cf-6567-4355-ae5c-16acd596682a,1,BD NETWORK TECHNOLOGY
e26b9c18-ef31-46b4-8541-068d1261a0a6,1,apps2fusion.com
731a18d1-ea78-4227-8138-838f71f90b32,1,ＮＤＫイッツ株式会社
fdb0afba-4957-45f0-8fa6-bdd16ae4c5d2,1,expi
cecef5fb-4bf4-435b-a954-e53714e8ba1b,1,リコーリース株式会社
947b6e70-32b9-45d0-b3b2-e6b46c6bbc16,1,Wiener Arbeitnehmer*innen Förderungsfonds
d4fe86dc-e787-42a2-aa01-ace43dee5602,1,radiall.com
96ab94e7-f43d-499b-9983-454a1aa61868,1,Advania
d70caa9e-a34f-47ef-9053-17ed78430329,1,Fimea
6598cf52-af54-44c6-a143-7780accf71b4,1,Luzerner Kantonsspital
a016d4bb-3446-43f5-a89c-1d9e089c97e7,1,UBS AG (ENG)
af306cfe-fb16-47a0-9bd1-49dbfa810d87,1,First Central Insurance Management Ltd
c626a706-8a23-4027-b01e-df20bab569d7,1,Rouse International Limited
05ce1cbd-1d9d-44ba-8c1d-2ff97ee4b6ff,1,Sightsavers
6be4dec0-f51d-40ce-a718-ee368b6a91ad,1,Benchmark Capital Limited
8d5bfe4e-11c6-4e32-a5c3-95efc1b4a711,1,Dynamic People B.V.
78885c4d-5bf6-486c-899b-c4e131bb0dc2,1,Action Apps Ltd
9106d86d-9ae5-4e15-907c-72bd603fedb2,1,Castle Harbour Capital Limited
69ecffb6-df6d-40dc-aae7-c902d41706ec,1,Ecole MOSER
d96fc787-4d15-49c7-9fd1-594b1612a05b,1,Nimble Works
c4a3ea7f-520b-4330-8873-d8e3d9c52162,1,Danox AB
f902e198-bf6a-4b77-808c-cbecdf93a72c,1,ZOLAR GmbH
1406e2db-9389-47ad-aa89-202355b4c21d,1,OASYS
e8d1a697-d7ca-4206-9890-9e7335a03776,1,NPA
1fc68637-8f88-4a1e-bb7f-4e74cb15d07b,1,ABAX as
ff731495-b3c8-44b3-93f8-6fca8fc5a699,1,City of Cape Town
a0a8e497-a598-4a23-9efe-c00ecc5102cc,1,MC2IT
f0ee8740-91f2-48ba-a8e5-73d381b3aa8d,1,Ontinue AG
69813918-a348-424f-8168-4b246e86245c,1,Emirates Schools Establishment
98fbb231-4a93-4dee-85a8-9c286ddfb92d,1,Liberty Global
e881ccf4-275a-4138-baa6-6ff2b3fe77c2,1,Northumbria Healthcare NHS Foundation Trust
68419e7a-260f-4215-9e3f-c9c43622254d,1,BIR
f7302c58-e430-4a61-a023-a44483f5e886,1,CEPSA EXPLORATION PRODUCTION
a613c541-e7f3-46f1-9d61-e3c9a165194a,1,Talvik Trust Services AG
afcb89c4-6737-4232-8450-935bc6dfcf3e,1,Affimed
6050c7c4-9ee6-4ba1-bc41-c23fe469bcb3,1,Centrow
c178f82b-17f6-4bc0-a104-11053706a7ae,1,carexpert KFZ-Sachverständigen GmbH
0d993ad3-fa73-421a-b129-1fe5590103f3,1,Alstom
6ee52cae-71fd-4d02-8ced-2034dd4138ee,1,Praxisgemeinschaft Knackpunkt GbR
dc7956eb-fa8c-476c-adf0-6e4fa46d5524,1,H.S. DATA LIMITED
04368cd7-79db-48c2-a243-1f6c2025dec8,1,Folksam
ee7fe8e4-669e-405c-a9c0-d6a3efe6690e,1,Total Computer Networks Ltd
9bc3d1cd-55ca-4e13-b5a2-a9e9deaeba3f,1,ALTEN Group
e19df638-76e5-4689-896e-26b0733d1883,1,Speech Processing Solutions
4da03d5b-c8e8-4d5b-966f-73cb270f7769,1,Good Company
b83fb3e5-147a-4ba5-9a49-adbdbd20fab1,1,EBU
a5122c55-d811-4d0d-89fa-d2240c257832,1,Notorious Communications Limited
2312ca0e-466f-4d78-8656-2477cf84e2d4,1,Goudse
0dff7be1-6258-4de0-9517-1b7918be35a2,1,RGF Staffing Belgium
bf980d8a-32b0-451f-89c2-76cdffd448a4,1,Mulder Connect
81c4b23b-ac87-4995-8adb-3c0f8f45c8ac,1,Smart Photonics
d99c3e0a-5a04-4bda-95a1-da0c24b731ee,1,CloudWay
bfafe78d-5df1-44ed-9c2e-899e39c1304e,1,BlackRook
66678222-2154-4d39-b3bd-cdf4871e0c76,1,PC Consultants
8b279c2c-479d-4b14-8903-efe33db3d877,1,RSM Netherlands
678bc12f-65b1-4f43-b28b-e6afd9f55799,1,PT
28bf77a1-433d-4665-a6d6-4a86db3c5d1c,1,Aurelium NV
261840cf-2f46-4a31-8877-b02796595bed,1,Frontiers Media SA
4e7389f0-e73d-4b02-b6ed-55b0c907bc4f,1,KOMIS
56d9d8e5-e673-42d5-8d28-b746627d5f50,1,De Bont Advocaten
4badaa87-8bb6-46b0-a92f-b31a7beeb0af,1,RB INTERMODAL BV (TRANSPORTS BENANG
30b7d94e-3354-4950-93fe-5ac3feb98e78,1,"Rediminds, Inc."
3e58ead6-2681-4731-8c07-0b429c43ae5b,1,Andros Home LLC
5e143f45-a8c5-472c-a947-0a3055c85501,1,Nearwater Capital
95e2a768-a0fd-4363-bde4-fbd963fc1153,1,WORLD KINECT CORPORATION
69f83e47-52ed-4815-93ab-965b92f4b10b,1,Carlyle Investment Management LLC
e37d2c2d-a31a-4dca-9437-7e948e848303,1,Flexis
45d53a40-131c-4896-94ef-8cd3538b3834,1,Digital Realty
b11f4293-f7a7-46af-a85c-e00382f1f058,1,Transat A.T.
baf3a13f-72c4-4b51-8846-082dcb9c3b2e,1,Veritas Funding
a5e8e68a-dab4-4711-b26c-58f867f59919,1,GSILVER
91d4f296-4359-46af-80da-136f0700e682,1,innovativebc.io
b1971921-5185-4b16-acc2-612f37ff07a1,1,ApprioHealth
d7098116-c6e8-4d2a-89ee-db15b6c23375,1,City of Victoria
4d1624e8-5511-40de-b658-38621b4e2cb4,1,Lighthouse eDiscovery
bacbae0e-a11e-488e-9376-2bb19470fec0,1,eHealth Insurance
6dc7b939-cc37-48ea-8a66-1a6e6b4a775d,1,Avon Protection
51d5a5f3-ac74-413c-9ff2-dde475a6de5a,1,Isaac Heating & Air Conditioning
b8651115-3826-4321-8693-68f1fd6144ef,1,Ivanhoe Cambridge inc.
3a561a26-818d-403a-a32d-7f954748cb9e,1,EM Digital Workplace Services
a6cf659f-2360-4ff9-9e8d-045f48434ada,1,PROVOST & PRITCHARD CONSULTING GROUP
035c5ddd-a4ce-43d8-8598-cb4d00ab6ddb,1,Neurona Tecnología Financiera
f176a8bc-92a4-422e-9795-2cec526fdca3,1,Summit Rock Advisors
5d5c9a50-c854-4ea3-b05d-16388b14d5b3,1,"TTEC Holdings, Inc."
41eb501a-f671-4ce0-a5bf-b64168c3705f,1,OneWorkplace
c7f6413d-1e73-45d2-b0da-a68713b515a7,1,SMBC
206463eb-8427-4648-96b4-0c3fef33eb4e,1,Admiral
bc924c8d-3e16-4e88-bf26-d7fcfb14f2d5,1,"Gannett Company, Incorporated"
2916a955-0360-416d-ba9a-1608933b9065,1,CDK Global LLC
85ae76c8-5e12-4fb8-ad22-4c68f439ff8f,1,"Cotiviti, Inc."
ba6ceca6-33c4-4d88-8da2-9ca335c64de6,1,BonZure
54db31f1-b5fe-4c80-851b-73741d210485,1,MAC Legacy
c95e80d3-fd67-4f70-b245-3b98e810abdc,1,NAUMANN-HOBBS MATERIAL HANDLING
3660eb39-46fc-424e-bdab-6df79b15db3c,1,Netskope
1d3bdd24-8ca7-4b5a-9984-6d3cd45ee2c4,1,Henson Group
9fc657e5-b2b3-4e16-958d-a9726c810c65,1,e-novarum group
5a50bdd9-5b35-4c1f-a977-f078974e6d10,1,DDI
8b4b8fa4-23a0-4844-a95f-9914ac3e9ce0,1,Orennia
b3869958-a2da-40b3-a9a1-1713bbdc23ba,1,engineersmind
d89dfb74-e94e-470a-bf08-08644bc9659f,1,Radiology Associates of Venice and Englewood
48c4f7a9-2e3c-4610-996a-fd80041311ef,1,TEST_TEST_JJG_TM
04e4bbd4-306b-4093-a131-44b45088f96e,1,Forefront
65b361c7-2cab-4cd6-b61f-1a71705724e8,1,Symetra
e2951e7d-471e-4bd4-ba2f-4b4293c3713c,1,Vector Choice Technology Solutions
333d281c-aebb-4ce7-b54a-c4a44fbc15f2,1,MFS Investment Management
32b399f6-c439-4ed3-8e51-e2cc8216e842,1,padi.com
